全国地方公共団体コード,ID,地方公共団体名,名称,名称_カナ,名称_英字,名称_通称,POIコード,外部識別子,外部識別子の値,所在地_全国地方公共団体コード,町字ID,所在地_連結表記,所在地_都道府県,所在地_市区町村,所在地_町字,所在地_番地以下,建物名等(方書),緯度,経度,高度の種別,高度の値,電話番号,内線番号,連絡先メールアドレス,連絡先FormURL,連絡先備考（その他、SNSなど）,郵便番号,法人番号,団体名,利用可能曜日,開始時間,終了時間,利用可能時間特記事項,説明,車椅子可,車椅子貸出,ツエ貸出,バリアフリートイレ,スロープ、エレベータ、エスカレータ,点字ブロック等の移動支援,点字や読上による支援,盲導犬・介助犬、聴導犬同伴,字幕,筆談対応,優先駐車場,オストメイト対応トイレ,授乳室,おむつ替えコーナー,飲食可否,ベビーカー貸出,ベビーカー利用,URL,画像,画像_ライセンス,備考
122033,,市川市,市川小学校,イチカワショウガッコウ,,,,,,122033,,千葉県市川市市川2丁目32-5,千葉県,市川市,市川2丁目,32-5,,35.73213721,139.9051921,,,(047)325-4758,,,,,,,,,,,,,,,,,,,,,,,,,,,,,,https://ichikawa-school.ed.jp/ichikawa-sho,,,
122033,,市川市,真間小学校,ママショウガッコウ,,,,,,122033,,千葉県市川市真間4丁目1-1,千葉県,市川市,真間4丁目,1-1,,35.73787473,139.91005,,,(047)372-4726,,,,,,,,,,,,,,,,,,,,,,,,,,,,,,https://ichikawa-school.ed.jp/mama-sho,,,
122033,,市川市,中山小学校,ナカヤマショウガッコウ,,,,,,122033,,千葉県市川市中山1丁目1-5,千葉県,市川市,中山1丁目,1-5,,35.72128304,139.9434013,,,(047)335-2711,,,,,,,,,,,,,,,,,,,,,,,,,,,,,,https://ichikawa-school.ed.jp/nakayama-sho,,,
122033,,市川市,八幡小学校,ヤワタショウガッコウ,,,,,,122033,,千葉県市川市八幡3丁目24-1,千葉県,市川市,八幡3丁目,24-1,,35.72579844,139.9279234,,,(047)325-4763,,,,,,,,,,,,,,,,,,,,,,,,,,,,,,https://ichikawa-school.ed.jp/yawata-sho,,,
122033,,市川市,国分小学校,コクブンショウガッコウ,,,,,,122033,,千葉県市川市東国分2丁目4-1,千葉県,市川市,東国分2丁目,4-1,,35.74501638,139.9205294,,,(047)371-6793,,,,,,,,,,,,,,,,,,,,,,,,,,,,,,https://ichikawa-school.ed.jp/kokubun-sho,,,
122033,,市川市,大柏小学校,オオガシワショウガッコウ,,,,,,122033,,千葉県市川市大野町2丁目18７７,千葉県,市川市,大野町2丁目,18７７,,35.75022148,139.953733,,,(047)337-8141,,,,,,,,,,,,,,,,,,,,,,,,,,,,,,https://ichikawa-school.ed.jp/ohgashiwa-sho,,,
122033,,市川市,宮田小学校,ミヤタショウガッコウ,,,,,,122033,,千葉県市川市新田4丁目8-15,千葉県,市川市,新田4丁目,8-15,,35.72704923,139.9091432,,,(047)379-7647,,,,,,,,,,,,,,,,,,,,,,,,,,,,,,https://ichikawa-school.ed.jp/miyata-sho,,,
122033,,市川市,冨貴島小学校,フキシマショウガッコウ,,,,,,122033,,千葉県市川市八幡6丁目10-11,千葉県,市川市,八幡6丁目,10-11,,35.72679384,139.9372837,,,(047)334-2624,,,,,,,,,,,,,,,,,,,,,,,,,,,,,,https://ichikawa-school.ed.jp/fukijima-sho,,,
122033,,市川市,若宮小学校,ワカミヤショウガッコウ,,,,,,122033,,千葉県市川市若宮3丁目54-10,千葉県,市川市,若宮3丁目,54-10,,35.72691768,139.9516824,,,(047)339-2177,,,,,,,,,,,,,,,,,,,,,,,,,,,,,,https://ichikawa-school.ed.jp/wakamiya-sho,,,
122033,,市川市,国府台小学校,コウノダイショウガッコウ,,,,,,122033,,千葉県市川市国府台5丁目25-4,千葉県,市川市,国府台5丁目,25-4,,35.7534015,139.902679,,,(047)372-4672,,,,,,,,,,,,,,,,,,,,,,,,,,,,,,https://ichikawa-school.ed.jp/kounodai-sho,,,
122033,,市川市,平田小学校,ヒラタショウガッコウ,,,,,,122033,,千葉県市川市平田3丁目28-1,千葉県,市川市,平田3丁目,28-1,,35.72452598,139.918255,,,(047)379-6761,,,,,,,,,,,,,,,,,,,,,,,,,,,,,,https://ichikawa-school.ed.jp/hirata-sho,,,
122033,,市川市,鬼高小学校,オニタカショウガッコウ,,,,,,122033,,千葉県市川市鬼高2丁目13-5,千葉県,市川市,鬼高2丁目,13-5,,35.71416266,139.9373166,,,(047)335-0304,,,,,,,,,,,,,,,,,,,,,,,,,,,,,,https://ichikawa-school.ed.jp/onitaka-sho,,,
122033,,市川市,菅野小学校,スガノショウガッコウ,,,,,,122033,,千葉県市川市菅野6丁目14-1,千葉県,市川市,菅野6丁目,14-1,,35.73415369,139.9163969,,,(047)324-5955,,,,,,,,,,,,,,,,,,,,,,,,,,,,,,https://ichikawa-school.ed.jp/sugano-sho,,,
122033,,市川市,行徳小学校,ギョウトクショウガッコウ,,,,,,122033,,千葉県市川市富浜1丁目1-40,千葉県,市川市,富浜1丁目,1-40,,35.69289579,139.9232919,,,(047)357-3116,,,,,,,,,,,,,,,,,,,,,,,,,,,,,,https://ichikawa-school.ed.jp/gyoutoku-sho,,,
122033,,市川市,信篤小学校,シントクショウガッコウ,,,,,,122033,,千葉県市川市原木2丁目16-1,千葉県,市川市,原木2丁目,16-1,,35.69815584,139.9437047,,,(047)328-0165,,,,,,,,,,,,,,,,,,,,,,,,,,,,,,https://ichikawa-school.ed.jp/shintoku-sho,,,
122033,,市川市,稲荷木小学校,トウカギショウガッコウ,,,,,,122033,,千葉県市川市稲荷木1丁目14-1,千葉県,市川市,稲荷木1丁目,14-1,,35.71133833,139.9215544,,,(047)376-5961,,,,,,,,,,,,,,,,,,,,,,,,,,,,,,https://ichikawa-school.ed.jp/toukagi-sho,,,
122033,,市川市,南行徳小学校,ミナミギョウトクショウガッコウ,,,,,,122033,,千葉県市川市欠真間1丁目6-38,千葉県,市川市,欠真間1丁目,6-38,,35.68052716,139.9016351,,,(047)357-3126,,,,,,,,,,,,,,,,,,,,,,,,,,,,,,https://ichikawa-school.ed.jp/sgyoutoku-sho,,,
122033,,市川市,鶴指小学校,ツルサシショウガッコウ,,,,,,122033,,千葉県市川市大和田4丁目11-1,千葉県,市川市,大和田4丁目,11-1,,35.71827007,139.915754,,,(047)379-3588,,,,,,,,,,,,,,,,,,,,,,,,,,,,,,https://ichikawa-school.ed.jp/tsurusashi-sho,,,
122033,,市川市,宮久保小学校,ミヤクボショウガッコウ,,,,,,122033,,千葉県市川市宮久保5丁目７-1,千葉県,市川市,宮久保5丁目,７-1,,35.7366839,139.9432273,,,(047)371-2747,,,,,,,,,,,,,,,,,,,,,,,,,,,,,,https://ichikawa-school.ed.jp/miyakubo-sho,,,
122033,,市川市,二俣小学校,フタマタショウガッコウ,,,,,,122033,,千葉県市川市二俣6７8,千葉県,市川市,二俣,6７8,,35.69696547,139.9573505,,,(047)328-0105,,,,,,,,,,,,,,,,,,,,,,,,,,,,,,https://ichikawa-school.ed.jp/futamata-sho,,,
122033,,市川市,中国分小学校,ナカコクブンショウガッコウ,,,,,,122033,,千葉県市川市中国分1丁目22-1,千葉県,市川市,中国分1丁目,22-1,,35.75373279,139.9153847,,,(047)371-7886,,,,,,,,,,,,,,,,,,,,,,,,,,,,,,https://ichikawa-school.ed.jp/ckokubun-sho,,,
122033,,市川市,曽谷小学校,ソヤショウガッコウ,,,,,,122033,,千葉県市川市曽谷７丁目18-1,千葉県,市川市,曽谷７丁目,18-1,,35.74727101,139.9270145,,,(047)371-7888,,,,,,,,,,,,,,,,,,,,,,,,,,,,,,https://ichikawa-school.ed.jp/soya-sho,,,
122033,,市川市,大町小学校,オオマチショウガッコウ,,,,,,122033,,千葉県市川市大町84-10,千葉県,市川市,大町,84-10,,35.77159286,139.9568099,,,(047)337-3610,,,,,,,,,,,,,,,,,,,,,,,,,,,,,,https://ichikawa-school.ed.jp/ohmachi-sho,,,
122033,,市川市,北方小学校,キタカタショウガッコウ,,,,,,122033,,千葉県市川市北方町4丁目1356-1,千葉県,市川市,北方町4丁目,1356-1,,35.73253247,139.9457145,,,(047)339-1701,,,,,,,,,,,,,,,,,,,,,,,,,,,,,,https://ichikawa-school.ed.jp/kitakata-sho,,,
122033,,市川市,新浜小学校,ニイハマショウガッコウ,,,,,,122033,,千葉県市川市行徳駅前4丁目5-1,千葉県,市川市,行徳駅前4丁目,5-1,,35.6800923,139.9159179,,,(047)395-5331,,,,,,,,,,,,,,,,,,,,,,,,,,,,,,https://ichikawa-school.ed.jp/niihama-sho,,,
122033,,市川市,百合台小学校,ユリダイショウガッコウ,,,,,,122033,,千葉県市川市曽谷6丁目10-1,千葉県,市川市,曽谷6丁目,10-1,,35.73983601,139.9265055,,,(047)374-1811,,,,,,,,,,,,,,,,,,,,,,,,,,,,,,https://ichikawa-school.ed.jp/yuridai-sho,,,
122033,,市川市,富美浜小学校,フミハマショウガッコウ,,,,,,122033,,千葉県市川市南行徳2丁目3-1,千葉県,市川市,南行徳2丁目,3-1,,35.67132899,139.9047556,,,(047)396-2522,,,,,,,,,,,,,,,,,,,,,,,,,,,,,,https://ichikawa-school.ed.jp/fumihama-sho,,,
122033,,市川市,柏井小学校,カシワイショウガッコウ,,,,,,122033,,千葉県市川市柏井町1丁目1149-1,千葉県,市川市,柏井町1丁目,1149-1,,35.73980908,139.9667114,,,(047)337-8877,,,,,,,,,,,,,,,,,,,,,,,,,,,,,,https://ichikawa-school.ed.jp/kashiwai-sho,,,
122033,,市川市,大洲小学校,オオスショウガッコウ,,,,,,122033,,千葉県市川市大洲4丁目18-1,千葉県,市川市,大洲4丁目,18-1,,35.72372311,139.9069174,,,(047)370-0300,,,,,,,,,,,,,,,,,,,,,,,,,,,,,,https://ichikawa-school.ed.jp/ohsu-sho,,,
122033,,市川市,幸小学校,サイワイショウガッコウ,,,,,,122033,,千葉県市川市幸1丁目11-1,千葉県,市川市,幸1丁目,11-1,,35.68102148,139.9298989,,,(047)396-0770,,,,,,,,,,,,,,,,,,,,,,,,,,,,,,https://ichikawa-school.ed.jp/saiwai-sho,,,
122033,,市川市,新井小学校,アライショウガッコウ,,,,,,122033,,千葉県市川市新井1丁目18-13,千葉県,市川市,新井1丁目,18-13,,35.6740444,139.8901033,,,(047)357-1722,,,,,,,,,,,,,,,,,,,,,,,,,,,,,,https://ichikawa-school.ed.jp/arai-sho,,,
122033,,市川市,南新浜小学校,ミナミニイハマショウガッコウ,,,,,,122033,,千葉県市川市新浜1丁目26-1,千葉県,市川市,新浜1丁目,26-1,,35.67453872,139.9162385,,,(047)396-9731,,,,,,,,,,,,,,,,,,,,,,,,,,,,,,https://ichikawa-school.ed.jp/sniihama-sho,,,
122033,,市川市,大野小学校,オオノショウガッコウ,,,,,,122033,,千葉県市川市南大野1丁目42-1,千葉県,市川市,南大野1丁目,42-1,,35.74229358,139.9503423,,,(047)338-3000,,,,,,,,,,,,,,,,,,,,,,,,,,,,,,https://ichikawa-school.ed.jp/ohno-sho,,,
122033,,市川市,塩焼小学校,シオヤキショウガッコウ,,,,,,122033,,千葉県市川市塩焼5丁目9-8,千葉県,市川市,塩焼5丁目,9-8,,35.68434995,139.9306016,,,(047)397-1231,,,,,,,,,,,,,,,,,,,,,,,,,,,,,,https://ichikawa-school.ed.jp/shioyaki-sho,,,
122033,,市川市,稲越小学校,イナゴシショウガッコウ,,,,,,122033,,千葉県市川市稲越3丁目21-8,千葉県,市川市,稲越3丁目,21-8,,35.75421049,139.9237317,,,(047)373-8401,,,,,,,,,,,,,,,,,,,,,,,,,,,,,,https://ichikawa-school.ed.jp/inagoshi-sho,,,
122033,,市川市,塩浜学園,シオハマガクエン,,,,,,122033,,千葉県市川市塩浜4丁目5-1,千葉県,市川市,塩浜4丁目,5-1,,35.66444698,139.9145559,,,(047)397-4421,,,,,,,,,,,,,,,,,,,,,,,,,,,,,,https://ichikawa-school.ed.jp/shiohama,,,
122033,,市川市,大和田小学校,オオワダショウガッコウ,,,,,,122033,,千葉県市川市大和田1丁目1-3,千葉県,市川市,大和田1丁目,1-3,,35.71756636,139.9220324,,,(047)378-5001,,,,,,,,,,,,,,,,,,,,,,,,,,,,,,https://ichikawa-school.ed.jp/ohwada-sho,,,
122033,,市川市,福栄小学校,フクエイショウガッコウ,,,,,,122033,,千葉県市川市南行徳2丁目2-1,千葉県,市川市,南行徳2丁目,2-1,,35.67199027,139.9066497,,,(047)397-8115,,,,,,,,,,,,,,,,,,,,,,,,,,,,,,https://ichikawa-school.ed.jp/fukuei-sho,,,
122033,,市川市,妙典小学校,ミョウデンショウガッコウ,,,,,,122033,,千葉県市川市妙典2丁目14-2,千葉県,市川市,妙典2丁目,14-2,,35.69632455,139.9293885,,,(047)399-5891,,,,,,,,,,,,,,,,,,,,,,,,,,,,,,https://ichikawa-school.ed.jp/myouden-sho,,,
122033,,市川市,第一中学校,ダイイチチュウガッコウ,,,,,,122033,,千葉県市川市国府台2丁目７-1,千葉県,市川市,国府台2丁目,７-1,,35.7448798,139.9017683,,,(047)371-6045,,,,,,,,,,,,,,,,,,,,,,,,,,,,,,https://ichikawa-school.ed.jp/dai1-chu,,,
122033,,市川市,第二中学校,ダイニチュウガッコウ,,,,,,122033,,千葉県市川市須和田2丁目34-1,千葉県,市川市,須和田2丁目,34-1,,35.73915036,139.9140943,,,(047)371-6188,,,,,,,,,,,,,,,,,,,,,,,,,,,,,,https://ichikawa-school.ed.jp/dai2-chu,,,
122033,,市川市,第三中学校,ダイサンチュウガッコウ,,,,,,122033,,千葉県市川市曽谷3丁目2-1,千葉県,市川市,曽谷3丁目,2-1,,35.74048808,139.9322367,,,(047)371-7341,,,,,,,,,,,,,,,,,,,,,,,,,,,,,,https://ichikawa-school.ed.jp/dai3-chu,,,
122033,,市川市,第四中学校,ダイヨンチュウガッコウ,,,,,,122033,,千葉県市川市中山1丁目11-1,千葉県,市川市,中山1丁目,11-1,,35.72216503,139.9460965,,,(047)335-3431,,,,,,,,,,,,,,,,,,,,,,,,,,,,,,https://ichikawa-school.ed.jp/dai4-chu,,,
122033,,市川市,第五中学校,ダイゴチュウガッコウ,,,,,,122033,,千葉県市川市大野町3丁目1993,千葉県,市川市,大野町3丁目,1993,,35.75278125,139.9567884,,,(047)337-8344,,,,,,,,,,,,,,,,,,,,,,,,,,,,,,https://ichikawa-school.ed.jp/dai5-chu,,,
122033,,市川市,第六中学校,ダイロクチュウガッコウ,,,,,,122033,,千葉県市川市鬼高3丁目16-1,千葉県,市川市,鬼高3丁目,16-1,,35.71127834,139.9363868,,,(047)370-0535,,,,,,,,,,,,,,,,,,,,,,,,,,,,,,https://ichikawa-school.ed.jp/dai6-chu,,,
122033,,市川市,第七中学校,ダイナナチュウガッコウ,,,,,,122033,,千葉県市川市末広1丁目1-48,千葉県,市川市,末広1丁目,1-48,,35.68632223,139.9166252,,,(047)357-3183,,,,,,,,,,,,,,,,,,,,,,,,,,,,,,https://ichikawa-school.ed.jp/dai7-chu,,,
122033,,市川市,第八中学校,ダイハチチュウガッコウ,,,,,,122033,,千葉県市川市大和田4丁目9-1,千葉県,市川市,大和田4丁目,9-1,,35.7194807,139.9146814,,,(047)370-1394,,,,,,,,,,,,,,,,,,,,,,,,,,,,,,https://ichikawa-school.ed.jp/dai8-chu,,,
122033,,市川市,下貝塚中学校,シモカイヅカチュウガッコウ,,,,,,122033,,千葉県市川市下貝塚3丁目13-1,千葉県,市川市,下貝塚3丁目,13-1,,35.73986646,139.9455446,,,(047)371-8800,,,,,,,,,,,,,,,,,,,,,,,,,,,,,,https://ichikawa-school.ed.jp/shimokai-chu,,,
122033,,市川市,高谷中学校,コウヤチュウガッコウ,,,,,,122033,,千葉県市川市高谷162７-4,千葉県,市川市,高谷,162７-4,,35.69468183,139.9449612,,,(047)328-0211,,,,,,,,,,,,,,,,,,,,,,,,,,,,,,https://ichikawa-school.ed.jp/kouya-chu,,,
122033,,市川市,福栄中学校,フクエイチュウガッコウ,,,,,,122033,,千葉県市川市福栄3丁目4-1,千葉県,市川市,福栄3丁目,4-1,,35.67358675,139.9096033,,,(047)396-0701,,,,,,,,,,,,,,,,,,,,,,,,,,,,,,https://ichikawa-school.ed.jp/fukuei-chu,,,
122033,,市川市,東国分中学校,ヒガシコクブンチュウガッコウ,,,,,,122033,,千葉県市川市東国分3丁目5-1,千葉県,市川市,東国分3丁目,5-1,,35.74896163,139.9226432,,,(047)371-5963,,,,,,,,,,,,,,,,,,,,,,,,,,,,,,https://ichikawa-school.ed.jp/ekokubun-chu,,,
122033,,市川市,大洲中学校,オオスチュウガッコウ,,,,,,122033,,千葉県市川市大洲4丁目21-5,千葉県,市川市,大洲4丁目,21-5,,35.72136764,139.9072905,,,(047)378-5783,,,,,,,,,,,,,,,,,,,,,,,,,,,,,,https://ichikawa-school.ed.jp/ohsu-chu,,,
122033,,市川市,塩浜学園,シオハマガクエン,,,,,,122033,,千葉県市川市塩浜4丁目5-1,千葉県,市川市,塩浜4丁目,5-1,,35.6644438,139.9145559,,,(047)397-4421,,,,,,,,,,,,,,,,,,,,,,,,,,,,,,https://ichikawa-school.ed.jp/shiohama,,,
122033,,市川市,南行徳中学校,ミナミギョウトクチュウガッコウ,,,,,,122033,,千葉県市川市南行徳2丁目2-2,千葉県,市川市,南行徳2丁目,2-2,,35.67105833,139.9070336,,,(047)397-5910,,,,,,,,,,,,,,,,,,,,,,,,,,,,,,https://ichikawa-school.ed.jp/sgyoutoku-chu,,,
122033,,市川市,妙典中学校,ミョウデンチュウガッコウ,,,,,,122033,,千葉県市川市妙典5丁目22-1,千葉県,市川市,妙典5丁目,22-1,,35.68844575,139.9332811,,,(047)395-5811,,,,,,,,,,,,,,,,,,,,,,,,,,,,,,https://ichikawa-school.ed.jp/myouden-chu,,,
122033,,市川市,須和田の丘支援学校,スワダノオカシエンガッコウ,,,,,,122033,,千葉県市川市須和田2丁目34-1,千葉県,市川市,須和田2丁目,34-1,,35.73833683,139.9133655,,,(047)371-2258,,,,,,,,,,,,,,,,,,,,,,,,,,,,,,https://ichikawa-school.ed.jp/suwada,,,
122033,,市川市,須和田の丘支援学校稲越校舎,スワダノオカシエンガッコウイナコシコウシャ,,,,,,122033,,千葉県市川市稲越3丁目21-8,千葉県,市川市,稲越3丁目,21-8,,35.75420628,139.9237372,,,(047)373-9000,,,,,,,,,,,,,,,,,,,,,,,,,,,,,,https://ichikawa-school.ed.jp/suwada,,,
122033,,市川市,少年自然の家,ショウネンシゼンノイエ,,,,,,122033,,千葉県市川市大町280-4,千葉県,市川市,大町,280-4,,35.7660,139.9662,,,047-337-0533,,,,,,,,,,,,,,,,,,,,,,,,,,,,,,https://www.city.ichikawa.lg.jp/edu16/index2.html,,,
122033,,市川市,市川考古博物館,イチカワコウコハクブツカン,,,,,,122033,,千葉県市川市堀之内2丁目26-1,千葉県,市川市,堀之内2丁目,26-1,,35.7590,139.9121,,,(047)373-2202　,,,,,,,,火水木金土日,9:00,16:30,,,,,,,,,,,,,,,,,,,,http://www.city.ichikawa.lg.jp/edu14/1111000001.html,,,
122033,,市川市,市川歴史博物館,イチカワレキシハクブツカン,,,,,,122033,,千葉県市川市堀之内2丁目27-1,千葉県,市川市,堀之内2丁目,27-1,,35.7598,139.9115,,,(047)373-6351　,,,,,,,,火水木金土日,9:00,16:30,,,,,,,,,,,,,,,,,,,,http://www.city.ichikawa.lg.jp/edu15/1111000005.html,,,
122033,,市川市,市川自然博物館,イチカワシゼンハクブツカン,,,,,,122033,,千葉県市川市大町284,千葉県,市川市,大町,284,,35.7642,139.9659,,,(047)339-0477,,,,,,,,火水木金土日,9:30,16:30,,,,,,,,,,,,,,,,,,,,http://www.city.ichikawa.chiba.jp/shisetsu/haku/,,,
122033,,市川市,行徳野鳥観察舎あいねすと,ギョウトクヤチョウカンサツシャアイネスト,,あいねすと,,,,122033,,千葉県市川市福栄4-22-11,千葉県,市川市,福栄,4-22-11,,35.66853381,139.9157826,,,(047)702-8045,,,,,,,,火水木金土日,9:00,17:00,,,,,,,,,,,,,,,,,,,,https://www.city.ichikawa.lg.jp/env09/1111000028.html,,,
122033,,市川市,第一中学校・国府台小学校院内学級,ダイイチチュウガッコウ・コウノダイショウガッコウインナイガッキュウ,,,,,,122033,,千葉県市川市国府台1丁目7-5,千葉県,市川市,国府台1丁目,7-5,,35.74620902,139.9061629,,,(047)372-7850,,,,,,,,,,,,,,,,,,,,,,,,,,,,,,,,,
122033,,市川市,大町第一団地,オオマチダイイチダンチ,,,,,,122033,,千葉県市川市大町95,千葉県,市川市,大町,95,,35.77277847,139.9577092,,,047-383-9594,,,,,,,,,,,,,,,,,,,,,,,,,,,,,,http://www.city.ichikawa.lg.jp/wel08/1111000001.html,,,
122033,,市川市,大町第二団地,オオマチダイニダンチ,,,,,,122033,,千葉県市川市大町124,千葉県,市川市,大町,124,,35.7746256,139.9616189,,,047-383-9594,,,,,,,,,,,,,,,,,,,,,,,,,,,,,,http://www.city.ichikawa.lg.jp/wel08/1111000001.html,,,
122033,,市川市,大町第三団地,オオマチダイサンダンチ,,,,,,122033,,千葉県市川市大町124,千葉県,市川市,大町,124,,35.77383697,139.9633635,,,047-383-9594,,,,,,,,,,,,,,,,,,,,,,,,,,,,,,http://www.city.ichikawa.lg.jp/wel08/1111000001.html,,,
122033,,市川市,南大野団地,ミナミオオノダンチ,,,,,,122033,,千葉県市川市南大野2丁目2７-13,千葉県,市川市,南大野2丁目,2７-13,,35.74726864,139.9520083,,,047-383-9594,,,,,,,,,,,,,,,,,,,,,,,,,,,,,,http://www.city.ichikawa.lg.jp/wel08/1111000001.html,,,
122033,,市川市,柏井第一団地,カシワイダイイチダンチ,,,,,,122033,,千葉県市川市柏井町2丁目1344,千葉県,市川市,柏井町2丁目,1344,,35.74097333,139.9617704,,,047-383-9594,,,,,,,,,,,,,,,,,,,,,,,,,,,,,,http://www.city.ichikawa.lg.jp/wel08/1111000001.html,,,
122033,,市川市,柏井第二団地,カシワイダイニダンチ,,,,,,122033,,千葉県市川市柏井町2丁目７54,千葉県,市川市,柏井町2丁目,７54,,35.74425582,139.9647701,,,(047)383-9594,,,,,,,,,,,,,,,,,,,,,,,,,,,,,,http://www.city.ichikawa.lg.jp/wel08/1111000001.html,,,
122033,,市川市,柏井第三団地,カシワイダイサンダンチ,,,,,,122033,,千葉県市川市柏井町2丁目1358,千葉県,市川市,柏井町2丁目,1358,,35.74008675,139.9624402,,,(047)383-9594,,,,,,,,,,,,,,,,,,,,,,,,,,,,,,http://www.city.ichikawa.lg.jp/wel08/1111000001.html,,,
122033,,市川市,奉免団地,ホウメンダンチ,,,,,,122033,,千葉県市川市奉免町310,千葉県,市川市,奉免町,310,,35.73953556,139.9570374,,,(047)383-9594,,,,,,,,,,,,,,,,,,,,,,,,,,,,,,http://www.city.ichikawa.lg.jp/wel08/1111000001.html,,,
122033,,市川市,北方第一団地,キタカタダイイチダンチ,,,,,,122033,,千葉県市川市北方町4丁目1996,千葉県,市川市,北方町4丁目,1996,,35.73315786,139.9544935,,,(047)383-9594,,,,,,,,,,,,,,,,,,,,,,,,,,,,,,http://www.city.ichikawa.lg.jp/wel08/1111000001.html,,,
122033,,市川市,北方第二団地,キタカタダイニダンチ,,,,,,122033,,千葉県市川市北方町4丁目2008-4,千葉県,市川市,北方町4丁目,2008-4,,35.7326403,139.9568836,,,(047)383-9594,,,,,,,,,,,,,,,,,,,,,,,,,,,,,,http://www.city.ichikawa.lg.jp/wel08/1111000001.html,,,
122033,,市川市,曽谷第一団地,ソヤダイイチダンチ,,,,,,122033,,千葉県市川市曽谷2丁目７-1,千葉県,市川市,曽谷2丁目,７-1,,35.74521426,139.9359224,,,(047)383-9594,,,,,,,,,,,,,,,,,,,,,,,,,,,,,,http://www.city.ichikawa.lg.jp/wel08/1111000001.html,,,
122033,,市川市,曽谷第二団地,ソヤダイニダンチ,,,,,,122033,,千葉県市川市曽谷1丁目3７-5,千葉県,市川市,曽谷1丁目,3７-5,,35.7444857,139.9333459,,,(047)383-9594,,,,,,,,,,,,,,,,,,,,,,,,,,,,,,http://www.city.ichikawa.lg.jp/wel08/1111000001.html,,,
122033,,市川市,曽谷第三団地,ソヤダイサンダンチ,,,,,,122033,,千葉県市川市曽谷2丁目31-20,千葉県,市川市,曽谷2丁目,31-20,,35.74887681,139.9343736,,,(047)383-9594,,,,,,,,,,,,,,,,,,,,,,,,,,,,,,http://www.city.ichikawa.lg.jp/wel08/1111000001.html,,,
122033,,市川市,曽谷第四団地,ソヤダイヨンダンチ,,,,,,122033,,千葉県市川市曽谷5丁目20,千葉県,市川市,曽谷5丁目,20,,35.74907805,139.9286835,,,(047)383-9594,,,,,,,,,,,,,,,,,,,,,,,,,,,,,,http://www.city.ichikawa.lg.jp/wel08/1111000001.html,,,
122033,,市川市,宮久保団地,ミヤクボダンチ,,,,,,122033,,千葉県市川市宮久保2丁目24-20,千葉県,市川市,宮久保2丁目,24-20,,35.73930693,139.9345242,,,(047)383-9594,,,,,,,,,,,,,,,,,,,,,,,,,,,,,,http://www.city.ichikawa.lg.jp/wel08/1111000001.html,,,
122033,,市川市,東菅野団地,ヒガシスガノダンチ,,,,,,122033,,千葉県市川市東菅野3丁目12-18,千葉県,市川市,東菅野3丁目,12-18,,35.73058312,139.9354366,,,(047)383-9594,,,,,,,,,,,,,,,,,,,,,,,,,,,,,,http://www.city.ichikawa.lg.jp/wel08/1111000001.html,,,
122033,,市川市,平田団地,ヒラタダンチ,,,,,,122033,,千葉県市川市平田1丁目1７-10,千葉県,市川市,平田1丁目,1７-10,,35.72496308,139.9200961,,,(047)383-9594,,,,,,,,,,,,,,,,,,,,,,,,,,,,,,http://www.city.ichikawa.lg.jp/wel08/1111000001.html,,,
122033,,市川市,稲荷木団地,トウカギダンチ,,,,,,122033,,千葉県市川市稲荷木3丁目2-8,千葉県,市川市,稲荷木3丁目,2-8,,35.7094026,139.9207339,,,(047)383-9594,,,,,,,,,,,,,,,,,,,,,,,,,,,,,,http://www.city.ichikawa.lg.jp/wel08/1111000001.html,,,
122033,,市川市,原木団地,バラキダンチ,,,,,,122033,,千葉県市川市原木3丁目3-1,千葉県,市川市,原木3丁目,3-1,,35.70415782,139.9484787,,,(047)383-9594,,,,,,,,,,,,,,,,,,,,,,,,,,,,,,http://www.city.ichikawa.lg.jp/wel08/1111000001.html,,,
122033,,市川市,行徳駅前団地,ギョウトクエキマエダンチ,,,,,,122033,,千葉県市川市行徳駅前1丁目21-1,千葉県,市川市,行徳駅前1丁目,21-1,,35.6851418,139.9146867,,,(047)383-9594,,,,,,,,,,,,,,,,,,,,,,,,,,,,,,http://www.city.ichikawa.lg.jp/wel08/1111000001.html,,,
122033,,市川市,相之川第一団地,アイノカワダイイチダンチ,,,,,,122033,,千葉県市川市新井1丁目1-20,千葉県,市川市,新井1丁目,1-20,,35.67815233,139.89419,,,(047)383-9594,,,,,,,,,,,,,,,,,,,,,,,,,,,,,,http://www.city.ichikawa.lg.jp/wel08/1111000001.html,,,
122033,,市川市,相之川第二団地,アイノカワダイニダンチ,,,,,,122033,,千葉県市川市相之川1丁目７,千葉県,市川市,相之川1丁目,７,,35.68106736,139.8949113,,,(047)383-9594,,,,,,,,,,,,,,,,,,,,,,,,,,,,,,http://www.city.ichikawa.lg.jp/wel08/1111000001.html,,,
122033,,市川市,相之川第三団地,アイノカワダイサンダンチ,,,,,,122033,,千葉県市川市相之川1丁目23,千葉県,市川市,相之川1丁目,23,,35.68063337,139.8925696,,,(047)383-9594,,,,,,,,,,,,,,,,,,,,,,,,,,,,,,http://www.city.ichikawa.lg.jp/wel08/1111000001.html,,,
122033,,市川市,塩浜団地,シオハマダンチ,,,,,,122033,,千葉県市川市塩浜4丁目4及び4-6,千葉県,市川市,塩浜4丁目,4及び4-6,,35.66449959,139.9134319,,,(047)383-9594,,,,,,,,,,,,,,,,,,,,,,,,,,,,,,http://www.city.ichikawa.lg.jp/wel08/1111000001.html,,,
122033,,市川市,鬼高公民館,オニタカ　コウミンカン,,,,,,122033,,千葉県市川市鬼高2丁目12-23,千葉県,市川市,鬼高2丁目,12-23,,35.71323447,139.9387933,,,(047)334-2612,,,,,,,市川市,月火水木金土日,9:00,21:00,毎月最終月曜日、祝日、及び12/29〜1/3利用不可,,,,,無,無,無,,,,,,無,無,無,,,,http://www.city.ichikawa.lg.jp/edu12/1421000001.html,,,スロープのみ有
122033,,市川市,信篤公民館,シントク　コウミンカン,,,,,,122033,,千葉県市川市高谷1丁目8-1,千葉県,市川市,高谷1丁目,8-1,,35.701715,139.941797,,,(047)327-6807,,,,,,,市川市,月火水木金土日,9:00,21:00,毎月最終月曜日、祝日、及び12/29〜1/3利用不可,,,,,有,無,有,,,,,,無,有,有,,,,http://www.city.ichikawa.lg.jp/edu12/1441000001.html,,,スロープ、エレベーターのみ有
122033,,市川市,東部公民館,トウブ　コウミンカン,,,,,,122033,,千葉県市川市本北方3丁目19-16,千葉県,市川市,本北方3丁目,19-16,,35.7287625,139.9507811,,,(047)337-8886,,,,,,,市川市,月火水木金土日,9:00,21:00,毎月最終月曜日、祝日、及び12/29〜1/3利用不可,,,,,有,無,無,,,,,,無,有,有,,,,http://www.city.ichikawa.lg.jp/edu12/1411000002.html,,,スロープ、エレベーターのみ有
122033,,市川市,柏井公民館,カシワイ　コウミンカン,,,,,,122033,,千葉県市川市柏井町2丁目844,千葉県,市川市,柏井町2丁目,844,,35.74600287,139.9653991,,,(047)338-2988,,,,,,,市川市,月火水木金土日,9:00,21:00,毎月最終月曜日、祝日、及び12/29〜1/3利用不可,,,,,無,無,無,,,,,,無,有,有,,,,http://www.city.ichikawa.lg.jp/edu12/1421000002.html,,,スロープのみ有
122033,,市川市,若宮公民館,ワカミヤ　コウミンカン,,,,,,122033,,千葉県市川市若宮2丁目15-8,千葉県,市川市,若宮2丁目,15-8,,35.72250796,139.955775,,,(047)336-7958,,,,,,,市川市,月火水木金土日,9:00,21:00,毎月最終月曜日、祝日、及び12/29〜1/3利用不可,,,,,無,無,有,,,,,,無,有,無,,,,http://www.city.ichikawa.lg.jp/edu12/1441000002.html,,,スロープのみ有
122033,,市川市,市川公民館,イチカワ　コウミンカン,,,,,,122033,,千葉県市川市市川2丁目33-2,千葉県,市川市,市川2丁目,33-2,,35.73110477,139.9065669,,,(047)321-1171,,,,,,,市川市,月火水木金土日,9:00,21:00,毎月最終月曜日、祝日、及び12/29〜1/3利用不可,,,,,有,無,無,,,,,,無,無,有,,,,http://www.city.ichikawa.lg.jp/edu12/1411000003.html,,,スロープ、エレベーターのみ有
122033,,市川市,西部公民館,セイブ　コウミンカン,,,,,,122033,,千葉県市川市中国分2丁目13-8,千葉県,市川市,中国分2丁目,13-8,,35.74937605,139.9133368,,,(047)373-8175,,,,,,,市川市,月火水木金土日,9:00,21:00,毎月最終月曜日、祝日、及び12/29〜1/3利用不可,,,,,有,無,無,,,,,,無,有,有,,,,http://www.city.ichikawa.lg.jp/edu12/1421000003.html,,,スロープ、エレベーターのみ有
122033,,市川市,曽谷公民館,ソヤ　コウミンカン,,,,,,122033,,千葉県市川市曽谷6丁目25-5,千葉県,市川市,曽谷6丁目,25-5,,35.74366146,139.9275789,,,(047)372-2871,,,,,,,市川市,月火水木金土日,9:00,21:00,毎月最終月曜日、祝日、及び12/29〜1/3利用不可,,,,,有,無,有,,,,,,無,有,有,,,,http://www.city.ichikawa.lg.jp/edu12/1441000003.html,,,スロープ、エレベーターのみ有
122033,,市川市,本行徳公民館,ホンギョウトク　コウミンカン,,,,,,122033,,千葉県市川市本行徳12-8,千葉県,市川市,本行徳,12-8,,35.69454584,139.9182808,,,(047)359-1351,,,,,,,市川市,月火水木金土日,9:00,21:00,毎月最終月曜日、祝日、及び12/29〜1/3利用不可,,,,,有,無,無,,,,,,無,無,有,,,,http://www.city.ichikawa.lg.jp/edu12/1421000004.html,,,スロープ、エレベーターのみ有
122033,,市川市,幸公民館,サイワイ　コウミンカン,,,,,,122033,,千葉県市川市幸1丁目16-18,千葉県,市川市,幸1丁目,16-18,,35.6803691,139.9278183,,,(047)398-0481,,,,,,,市川市,月火水木金土日,9:00,21:00,毎月最終月曜日、祝日、及び12/29〜1/3利用不可,,,,,有,無,有,,,,,,無,無,無,,,,http://www.city.ichikawa.lg.jp/edu12/1431000004.html,,,スロープ、エレベーターのみ有
122033,,市川市,南行徳公民館,ミナミギョウトク　コウミンカン,,,,,,122033,,千葉県市川市相之川1丁目3-７,千葉県,市川市,相之川1丁目,3-７,,35.68022688,139.8991292,,,(047)356-7371,,,,,,,市川市,月火水木金土日,9:00,21:00,毎月最終月曜日、祝日、及び12/29〜1/3利用不可,,,,,有,無,有,,,,,,無,有,有,,,,http://www.city.ichikawa.lg.jp/edu12/1441000004.html,,,スロープ、エレベーターのみ有
122033,,市川市,菅野公民館,スガノ　コウミンカン,,,,,,122033,,千葉県市川市菅野3丁目24-2,千葉県,市川市,菅野3丁目,24-2,,35.73263472,139.91687,,,(047)322-7761,,,,,,,市川市,月火水木金土日,9:00,21:00,毎月最終月曜日、祝日、及び12/29〜1/3利用不可,,,,,有,無,有,,,,,,有,無,有,,,,http://www.city.ichikawa.lg.jp/edu12/1431000001.html,,,スロープのみ有
122033,,市川市,市川駅南公民館,イチカワエキミナミ　コウミンカン,,,,,,122033,,千葉県市川市大洲4丁目18-3市川市こども発達センター内,千葉県,市川市,大洲4丁目,18-3,市川市こども発達センター内,35.72271341,139.9064649,,,(047)370-3564,,,,,,,市川市,月火水木金土日,9:00,21:00,毎月最終月曜日、祝日、及び12/29〜1/3利用不可,,,,,有,無,無,,,,,,無,有,有,,,,http://www.city.ichikawa.lg.jp/edu12/1431000003.html,,,スロープ、エレベーターのみ有
122033,,市川市,大野公民館,オオノ　コウミンカン,,,,,,122033,,千葉県市川市南大野2丁目3-19,千葉県,市川市,南大野2丁目,3-19,,35.74521552,139.9532094,,,(047)339-3400,,,,,,,市川市,月火水木金土日,9:00,21:00,毎月最終月曜日、祝日、及び12/29〜1/3利用不可,,,,,有,無,有,,,,,,有,有,有,,,,http://www.city.ichikawa.lg.jp/edu12/1431000002.html,,,スロープ、エレベーターのみ有
122033,,市川市,行徳公民館,ギョウトク　コウミンカン,,,,,,122033,,千葉県市川市末広1丁目1-31,千葉県,市川市,末広1丁目,1-31,,35.68579054,139.9163003,,,(047)356-0763,,,,,,,市川市,月火水木金土日,9:00,21:00,毎月最終月曜日、祝日、及び12/29〜1/3利用不可,,,,,有,無,無,,,,,,有,有,有,,,,http://www.city.ichikawa.lg.jp/edu12/1411000004.html,,,スロープ、エレベーターのみ有
122033,,市川市,市川地域ふれあい館,イチカワ　チイキフレアイカン,,,,,,122033,,千葉県市川市市川2丁目７-７,千葉県,市川市,市川2丁目,７-７,,35.7309667,139.9035244,,,(047)322-7710,,,,,,,,,,,,,,,,,,,,,,,,,,,,,,http://www.city.ichikawa.lg.jp/res03/1321000001.html,,,
122033,,市川市,宮田地域ふれあい館,ミヤタ　チイキフレアイカン,,,,,,122033,,千葉県市川市新田5丁目16-6,千葉県,市川市,新田5丁目,16-6,,35.72773994,139.911233,,,(047)324-4525,,,,,,,,,,,,,,,,,,,,,,,,,,,,,,http://www.city.ichikawa.lg.jp/res03/1321000001.html,,,
122033,,市川市,平田地域ふれあい館,ヒラタ　チイキフレアイカン,,,,,,122033,,千葉県市川市平田2丁目16-７,千葉県,市川市,平田2丁目,16-７,,35.72481459,139.918123,,,(047)322-4467,,,,,,,,,,,,,,,,,,,,,,,,,,,,,,http://www.city.ichikawa.lg.jp/res03/1321000001.html,,,
122033,,市川市,八幡地域ふれあい館,ヤワタ　チイキフレアイカン,,,,,,122033,,千葉県市川市八幡1丁目21-10,千葉県,市川市,八幡1丁目,21-10,,35.71891909,139.932323,,,(047)332-5538,,,,,,,,,,,,,,,,,,,,,,,,,,,,,,http://www.city.ichikawa.lg.jp/res03/1321000001.html,,,
122033,,市川市,本八幡地域ふれあい館,モトヤワタ　チイキフレアイカン,,,,,,122033,,千葉県市川市八幡3丁目７-9,千葉県,市川市,八幡3丁目,７-9,,35.72211693,139.9245948,,,(047)326-2452,,,,,,,,,,,,,,,,,,,,,,,,,,,,,,http://www.city.ichikawa.lg.jp/res03/1321000001.html,,,
122033,,市川市,鬼越・鬼高地域ふれあい館,オニゴエ・オニタカ　チイキフレアイカン,,,,,,122033,,千葉県市川市鬼越2丁目15-10,千葉県,市川市,鬼越2丁目,15-10,,35.71650735,139.9381205,,,(047)335-9838,,,,,,,,,,,,,,,,,,,,,,,,,,,,,,http://www.city.ichikawa.lg.jp/res03/1321000001.html,,,
122033,,市川市,大野地域ふれあい館,オオノ　チイキフレアイカン,,,,,,122033,,千葉県市川市大野町3丁目1625-1,千葉県,市川市,大野町3丁目,1625-1,,35.75801695,139.955434,,,(047)338-3754,,,,,,,,,,,,,,,,,,,,,,,,,,,,,,http://www.city.ichikawa.lg.jp/res03/1331000001.html,,,
122033,,市川市,奉免地域ふれあい館,ホウメン　チイキフレアイカン,,,,,,122033,,千葉県市川市柏井町2丁目49-6,千葉県,市川市,柏井町2丁目,49-6,,35.74390572,139.958877,,,(047)338-5407,,,,,,,,,,,,,,,,,,,,,,,,,,,,,,http://www.city.ichikawa.lg.jp/res03/1331000001.html,,,
122033,,市川市,行徳地域ふれあい館,ギョウトク　チイキフレアイカン,,,,,,122033,,千葉県市川市富浜2丁目5-19,千葉県,市川市,富浜2丁目,5-19,,35.68884855,139.9216715,,,(047)357-3276,,,,,,,,,,,,,,,,,,,,,,,,,,,,,,http://www.city.ichikawa.lg.jp/res03/1331000001.html,,,
122033,,市川市,香取地域ふれあい館,カンドリ　チイキフレアイカン,,,,,,122033,,千葉県市川市香取2丁目19-1,千葉県,市川市,香取2丁目,19-1,,35.67914669,139.9100242,,,(047)358-3854,,,,,,,,,,,,,,,,,,,,,,,,,,,,,,http://www.city.ichikawa.lg.jp/res03/1331000001.html,,,
122033,,市川市,湊地域ふれあい館,ミナト　チイキフレアイカン,,,,,,122033,,千葉県市川市湊11-18,千葉県,市川市,湊,11-18,,35.68504897,139.9101557,,,(047)357-9864,,,,,,,,,,,,,,,,,,,,,,,,,,,,,,http://www.city.ichikawa.lg.jp/res03/1331000001.html,,,
122033,,市川市,富美浜地域ふれあい館,フミハマ　チイキフレアイカン,,,,,,122033,,千葉県市川市欠真間2丁目31-5,千葉県,市川市,欠真間2丁目,31-5,,35.6754597,139.9055685,,,(047)356-5844,,,,,,,,,,,,,,,,,,,,,,,,,,,,,,http://www.city.ichikawa.lg.jp/res03/1331000001.html,,,
122033,,市川市,新井地域ふれあい館,アライ　チイキフレアイカン,,,,,,122033,,千葉県市川市新井3丁目31-1,千葉県,市川市,新井3丁目,31-1,,35.66974838,139.8986617,,,(047)395-5019,,,,,,,,,,,,,,,,,,,,,,,,,,,,,,http://www.city.ichikawa.lg.jp/res03/1331000001.html,,,
122033,,市川市,勤労福祉センター,キンロウフクシセンター,,,,,,122033,,千葉県市川市南八幡2丁目20-1,千葉県,市川市,南八幡2丁目,20-1,,35.713654,139.927264,,,(047)370-5201,,,,,,,,,,,,,,,,,,,,,,,,,,,,,,,,,
122033,,市川市,勤労福祉センター分館,キンロウフクシセンターブンカン,,,,,,122033,,千葉県市川市南八幡5丁目20-3,千葉県,市川市,南八幡5丁目,20-3,,35.71895647,139.9209165,,,(047)370-1357,,,,,,,,,,,,,,,,,,,,,,,,,,,,,,,,,
122033,,市川市,文化会館,ブンカカイカン,,,,,,122033,,千葉県市川市大和田1丁目1-5,千葉県,市川市,大和田1丁目,1-5,,35.7168087,139.9210079,,,(047)379-5111,,,,,,,,月火水木金土日,9:00,21:30,第2、第4火曜日は利用不可,,,,,,,,,,,,,,,,,,,,,,
122033,,市川市,行徳公会堂,ギョウトクコウカイドウ,,アイアイ,,,,122033,,千葉県市川市末広1丁目1-48,千葉県,市川市,末広1丁目,1-48,,35.68612101,139.9165716,,,(047)701-3011,,,,,,,,月火水木金土日,9:00,21:30,第1、第3火曜日は利用不可,,,,,,,,,,,,,,,,,,,,,,
122033,,市川市,全日警ホール（八幡市民会館）,ゼンニッケイホール（ヤワタシミンカイカン）,,,,,,122033,,千葉県市川市八幡4丁目2-1,千葉県,市川市,八幡4丁目,2-1,,35.723612,139.931173,,,(047)335-1542,,,,,,,,,,,,,,,,,,,,,,,,,,,,,,http://www.city.ichikawa.lg.jp/cul01/1111000075.html,,,
122033,,市川市,芳澤ガーデンギャラリー,ヨシザワガーデンギャラリー,,,,,,122033,,千葉県市川市真間5丁目1-18,千葉県,市川市,真間5丁目,1-18,,35.73981305,139.9114255,,,(047)374-7687,,,,,,,,火水木金土日,9:00,17:00,,,,,,,,,,,,,,,,,,,,,,,
122033,,市川市,木内ギャラリー,キウチギャラリー,,,,,,122033,,千葉県市川市真間4丁目11-4,千葉県,市川市,真間4丁目,11-4,,35.73997441,139.9054813,,,(047)371-4916,,,,,,,,火水木金土日,9:00,17:00,,,,,,,,,,,,,,,,,,,,,,,
122033,,市川市,市川市東山魁夷記念館,イチカワシヒガシヤマカイイキネンカン,Higashiyama Kaii Memorial Hall,,0801,,,122033,,千葉県市川市中山1丁目16-2,千葉県,市川市,中山1丁目,16-2,,35.72283843,139.9464399,,,(047)333-2011,,,,,,,,火水木金土日,10:00,17:00,月曜日が祝日の場合は開館。翌平日が休館,,,,,,,,,,,,,,,,,,,www.city.ichikawa.lg.jp/higashiyama/,,,
122033,,市川市,清華園,セイカエン,,,,,,122033,,千葉県市川市中山4丁目14-1,千葉県,市川市,中山4丁目,14-1,,35.71719924,139.9459885,,,(047)333-6147,,,,,,,,金土日,9:30,16:30,庭園は１７時まで,,,,,,,,,,,,,,,,,,,,,,
122033,,市川市,水木洋子邸,ミズキヨウコテイ,,,,,,122033,,千葉県市川市八幡5丁目17-3,千葉県,市川市,八幡5丁目,17-3,,35.72499692,139.9349075,,,(047)320-3334,,,,,,,,土日,10:00,16:00,第2・4土日（12月は第2土日、1・2月は第4土日のみ）,,,,,,,,,,,,,,,,,,,http://www.city.ichikawa.lg.jp/cul01/mizukitei.html,,,
122033,,市川市,郭沫若記念館,カクマツジャクキネンカン,,,,,,122033,,千葉県市川市真間5丁目3-19,千葉県,市川市,真間5丁目,3-19,,35.74108743,139.9126613,,,(047)372-5400,,,,,,,,金土日,10:00,16:00,,,,,,,,,,,,,,,,,,,,,,,
122033,,市川市,行徳ふれあい伝承館（主屋）,ギョウトクフレアイデンショウカン（オモヤ）,,,,,,122033,,千葉県市川市本行徳35-7,千葉県,市川市,本行徳,35-7,,35.6904387,139.9154706,,,(047)314-8177,,,,,,,,火水木金土日,10:00,17:00,,,,,,,,,,,,,,,,,,,,,,,
122033,,市川市,行徳ふれあい伝承館（休憩所）,ギョウトクフレアイデンショウカン（キュウケイジョ）,,ｷｭｳｹｲｼﾞｮ,,,,122033,,千葉県市川市本行徳37-13,千葉県,市川市,本行徳,37-13,,35.69036857,139.9158198,,,,,,,,,,,水木金土日,10:00,17:00,飲食の提供は１４時まで,,,,,,,,,,,,,,,,,,,,,,
122033,,市川市,信篤幼稚園,シントクヨウチエン,,,,,,122033,,千葉県市川市高谷1丁目8-1,千葉県,市川市,高谷1丁目,8-1,,35.70208378,139.9417121,,,(047)328-2325,,,,,,,,,,,,,,,,,,,,,,,,,,,,,,http://www.city.ichikawa.lg.jp/edu03/1111000014.html,,,
122033,,市川市,大洲幼稚園,オオスヨウチエン,,,,,,122033,,千葉県市川市大洲4丁目3-12,千葉県,市川市,大洲4丁目,3-12,,35.72102686,139.9096322,,,(047)370-3648,,,,,,,,,,,,,,,,,,,,,,,,,,,,,,http://www.city.ichikawa.lg.jp/edu03/1111000012.html,,,
122033,,市川市,南行徳幼稚園,ミナミギョウトクヨウチエン,,,,,,122033,,千葉県市川市欠真間1丁目6-15,千葉県,市川市,欠真間1丁目,6-15,,35.67951768,139.9007408,,,(047)358-5333,,,,,,,,,,,,,,,,,,,,,,,,,,,,,,http://www.city.ichikawa.lg.jp/edu03/1111000017.html,,,
122033,,市川市,百合台幼稚園,ユリダイヨウチエン,,,,,,122033,,千葉県市川市曽谷6丁目10-1,千葉県,市川市,曽谷6丁目,10-1,,35.74038914,139.9256261,,,(047)373-8937,,,,,,,,,,,,,,,,,,,,,,,,,,,,,,http://www.city.ichikawa.lg.jp/edu03/1111000013.html,,,
122033,,市川市,新浜幼稚園,ニイハマヨウチエン,,,,,,122033,,千葉県市川市行徳駅前4丁目5-2,千葉県,市川市,行徳駅前4丁目,5-2,,35.67979309,139.9169214,,,(047)396-2521,,,,,,,,,,,,,,,,,,,,,,,,,,,,,,http://www.city.ichikawa.lg.jp/edu03/1111000016.html,,,
122033,,市川市,塩焼幼稚園,シオヤキヨウチエン,,,,,,122033,,千葉県市川市塩焼5丁目9-1,千葉県,市川市,塩焼5丁目,9-1,,35.68490236,139.929709,,,(047)397-3857,,,,,,,,,,,,,,,,,,,,,,,,,,,,,,http://www.city.ichikawa.lg.jp/edu03/1111000010.html,,,
122033,,市川市,平田保育園,ヒラタホイクエン,,,,,,122033,,千葉県市川市平田1丁目20-16,千葉県,市川市,平田1丁目,20-16,,35.72473525,139.9194637,,,(047)324-1311,,,,,,,,,,,,,,,,,,,,,,,,,,,,,,http://www.city.ichikawa.lg.jp/chi03/1551000003.html,,,
122033,,市川市,北方保育園,キタカタホイクエン,,,,,,122033,,千葉県市川市北方1丁目12-1,千葉県,市川市,北方1丁目,12-1,,35.72203439,139.93813,,,(047)334-6616,,,,,,,,,,,,,,,,,,,,,,,,,,,,,,http://www.city.ichikawa.lg.jp/chi03/1521000004.html,,,
122033,,市川市,若宮保育園,ワカミヤホイクエン,,,,,,122033,,千葉県市川市若宮3丁目７-6,千葉県,市川市,若宮3丁目,７-6,,35.72425714,139.9517289,,,(047)334-2115,,,,,,,,,,,,,,,,,,,,,,,,,,,,,,http://www.city.ichikawa.lg.jp/chi03/1531000004.html,,,
122033,,市川市,大洲保育園,オオスホイクエン,,,,,,122033,,千葉県市川市大洲2丁目3-8,千葉県,市川市,大洲2丁目,3-8,,35.71606033,139.9118171,,,(047)378-3331,,,,,,,,,,,,,,,,,,,,,,,,,,,,,,http://www.city.ichikawa.lg.jp/chi03/1511000005.html,,,
122033,,市川市,冨貴島保育園,フキシマホイクエン,,,,,,122033,,千葉県市川市八幡6丁目14-19,千葉県,市川市,八幡6丁目,14-19,,35.72846333,139.9355406,,,(047)336-1144,,,,,,,,,,,,,,,,,,,,,,,,,,,,,,http://www.city.ichikawa.lg.jp/chi03/1541000004.html,,,
122033,,市川市,中国分保育園,ナカコクブンホイクエン,,,,,,122033,,千葉県市川市中国分2丁目13-1,千葉県,市川市,中国分2丁目,13-1,,35.74875247,139.9123357,,,(047)372-7947,,,,,,,,,,,,,,,,,,,,,,,,,,,,,,http://www.city.ichikawa.lg.jp/chi03/1541000003.html,,,
122033,,市川市,大和田保育園,オオワダホイクエン,,,,,,122033,,千葉県市川市大和田4丁目4-1,千葉県,市川市,大和田4丁目,4-1,,35.71868025,139.9163734,,,(047)377-1700,,,,,,,,,,,,,,,,,,,,,,,,,,,,,,http://www.city.ichikawa.lg.jp/chi03/1521000005.html,,,
122033,,市川市,新田保育園,シンデンホイクエン,,,,,,122033,,千葉県市川市新田3丁目21-1,千葉県,市川市,新田3丁目,21-1,,35.72353264,139.9118244,,,(047)370-4557,,,,,,,,,,,,,,,,,,,,,,,,,,,,,,http://www.city.ichikawa.lg.jp/chi03/1531000005.html,,,
122033,,市川市,鬼高保育園,オニタカホイクエン,,,,,,122033,,千葉県市川市鬼高1丁目11-20,千葉県,市川市,鬼高1丁目,11-20,,35.71144831,139.9322476,,,(047)378-8186,,,,,,,,,,,,,,,,,,,,,,,,,,,,,,http://www.city.ichikawa.lg.jp/chi03/1511000006.html,,,
122033,,市川市,行徳保育園,ギョウトクホイクエン,,,,,,122033,,千葉県市川市行徳駅前4丁目22-1７,千葉県,市川市,行徳駅前4丁目,22-1７,,35.678463,139.9136693,,,(047)395-4843,,,,,,,,,,,,,,,,,,,,,,,,,,,,,,http://www.city.ichikawa.lg.jp/chi03/1551000006.html,,,
122033,,市川市,曽谷保育園,ソヤホイクエン,,,,,,122033,,千葉県市川市曽谷７丁目28-15,千葉県,市川市,曽谷７丁目,28-15,,35.74847236,139.9259245,,,(047)373-5530,,,,,,,,,,,,,,,,,,,,,,,,,,,,,,http://www.city.ichikawa.lg.jp/chi03/1531000003.html,,,
122033,,市川市,本北方保育園,モトキタカタホイクエン,,,,,,122033,,千葉県市川市本北方2丁目40-23,千葉県,市川市,本北方2丁目,40-23,,35.73016264,139.9501569,,,(047)338-5982,,,,,,,,,,,,,,,,,,,,,,,,,,,,,,http://www.city.ichikawa.lg.jp/chi03/1551000004.html,,,
122033,,市川市,菅野保育園,スガノホイクエン,,,,,,122033,,千葉県市川市菅野4丁目12-16,千葉県,市川市,菅野4丁目,12-16,,35.73286875,139.9272661,,,(047)326-4452,,,,,,,,,,,,,,,,,,,,,,,,,,,,,,http://www.city.ichikawa.lg.jp/chi03/1511000004.html,,,
122033,,市川市,塩焼保育園,シオヤキホイクエン,,,,,,122033,,千葉県市川市塩焼2丁目2-5,千葉県,市川市,塩焼2丁目,2-5,,35.68830583,139.9263963,,,(047)396-0169,,,,,,,,,,,,,,,,,,,,,,,,,,,,,,http://www.city.ichikawa.lg.jp/chi03/1531000006.html,,,
122033,,市川市,稲荷木保育園,トウカギホイクエン,,,,,,122033,,千葉県市川市稲荷木1丁目26-16,千葉県,市川市,稲荷木1丁目,26-16,,35.71164358,139.9246551,,,(047)377-5070,,,,,,,,,,,,,,,,,,,,,,,,,,,,,,http://www.city.ichikawa.lg.jp/chi03/1521000006.html,,,
122033,,市川市,新田第２保育園,シンデンダイニホイクエン,,,,,,122033,,千葉県市川市新田2丁目1-24,千葉県,市川市,新田2丁目,1-24,,35.72526019,139.9164024,,,(047)376-9036,,,,,,,,,,,,,,,,,,,,,,,,,,,,,,http://www.city.ichikawa.lg.jp/chi03/1541000005.html,,,
122033,,市川市,塩焼第２保育園,シオヤキダイニホイクエン,,,,,,122033,,千葉県市川市塩焼3丁目11-15,千葉県,市川市,塩焼3丁目,11-15,,35.68533269,139.9245588,,,(047)395-5176,,,,,,,,,,,,,,,,,,,,,,,,,,,,,,http://www.city.ichikawa.lg.jp/chi03/1541000006.html,,,
122033,,市川市,塩浜保育園,シオハマホイクエン,,,,,,122033,,千葉県市川市塩浜4丁目2-10-101ハイタウン塩浜,千葉県,市川市,塩浜4丁目,2-10-101,ハイタウン塩浜,35.66312311,139.9113897,,,(047)397-2628,,,,,,,,,,,,,,,,,,,,,,,,,,,,,,http://www.city.ichikawa.lg.jp/chi03/1211000003.html,,,
122033,,市川市,大野保育園,オオノホイクエン,,,,,,122033,,千葉県市川市南大野2丁目4-5,千葉県,市川市,南大野2丁目,4-5,,35.74288706,139.953028,,,(047)337-4551,,,,,,,,,,,,,,,,,,,,,,,,,,,,,,http://www.city.ichikawa.lg.jp/chi03/1511000003.html,,,
122033,,市川市,大野保育園分園,オオノホイクエンブンエン,,,,,,122033,,千葉県市川市南大野1丁目42-1,千葉県,市川市,南大野1丁目,42-1,,35.7422315,139.9505283,,,,,,,,,,,,,,,,,,,,,,,,,,,,,,,,,,,,
122033,,市川市,香取保育園,カンドリホイクエン,,,,,,122033,,千葉県市川市香取2丁目6-25,千葉県,市川市,香取2丁目,6-25,,35.67957464,139.9091299,,,(047)357-4191,,,,,,,,,,,,,,,,,,,,,,,,,,,,,,http://www.city.ichikawa.lg.jp/chi03/1221000003.html,,,
122033,,市川市,若宮小学校放課後保育クラブ,ワカミヤショウガッコウホウカゴホイククラブ,,,,,,122033,,千葉県市川市若宮3丁目54-10,千葉県,市川市,若宮3丁目,54-10,,35.72692475,139.9521861,,,(047)383-9419,,,,,,,,,,,,,,,,,,,,,,,,,,,,,,http://www.city.ichikawa.lg.jp/edu11/1511000001.html,,,
122033,,市川市,鬼高小学校放課後保育クラブ,オニタカショウガッコウホウカゴホイククラブ,,,,,,122033,,千葉県市川市鬼高2丁目13-5,千葉県,市川市,鬼高2丁目,13-5,,35.71397675,139.9374452,,,(047)383-9419,,,,,,,,,,,,,,,,,,,,,,,,,,,,,,http://www.city.ichikawa.lg.jp/edu11/1511000001.html,,,
122033,,市川市,鬼高小学校放課後保育クラブ,オニタカショウガッコウホウカゴホイククラブ,,,,,,122033,,千葉県市川市鬼高2丁目13-5,千葉県,市川市,鬼高2丁目,13-5,,35.71397675,139.9374452,,,(047)383-9419,,,,,,,,,,,,,,,,,,,,,,,,,,,,,,http://www.city.ichikawa.lg.jp/edu11/1511000001.html,,,
122033,,市川市,行徳小学校放課後保育クラブ,ギョウトクショウガッコウホウカゴホイククラブ,,,,,,122033,,千葉県市川市富浜1丁目1-40,千葉県,市川市,富浜1丁目,1-40,,35.69231928,139.9232961,,,(047)383-9419,,,,,,,,,,,,,,,,,,,,,,,,,,,,,,http://www.city.ichikawa.lg.jp/edu11/1511000001.html,,,
122033,,市川市,信篤小学校放課後保育クラブ,シントクショウガッコウホウカゴホイククラブ,,,,,,122033,,千葉県市川市原木2丁目16-1,千葉県,市川市,原木2丁目,16-1,,35.69818803,139.9439221,,,(047)383-9419,,,,,,,,,,,,,,,,,,,,,,,,,,,,,,http://www.city.ichikawa.lg.jp/edu11/1511000001.html,,,
122033,,市川市,中国分小学校放課後保育クラブ,ナカコクブンショウガッコウホウカゴホイククラブ,,,,,,122033,,千葉県市川市中国分1丁目22-1,千葉県,市川市,中国分1丁目,22-1,,35.75350008,139.9161221,,,(047)383-9419,,,,,,,,,,,,,,,,,,,,,,,,,,,,,,http://www.city.ichikawa.lg.jp/edu11/1511000001.html,,,
122033,,市川市,新井小学校放課後保育クラブ,アライショウガッコウホウカゴホイククラブ,,,,,,122033,,千葉県市川市新井1丁目18-13,千葉県,市川市,新井1丁目,18-13,,35.67393328,139.8905439,,,(047)383-9419,,,,,,,,,,,,,,,,,,,,,,,,,,,,,,http://www.city.ichikawa.lg.jp/edu11/1511000001.html,,,
122033,,市川市,塩焼小学校放課後保育クラブ,シオヤキショウガッコウホウカゴホイククラブ,,,,,,122033,,千葉県市川市塩焼5丁目9-8,千葉県,市川市,塩焼5丁目,9-8,,35.68391319,139.9301144,,,(047)383-9419,,,,,,,,,,,,,,,,,,,,,,,,,,,,,,http://www.city.ichikawa.lg.jp/edu11/1511000001.html,,,
122033,,市川市,大和田小学校放課後保育クラブ,オオワダショウガッコウホウカゴホイククラブ,,,,,,122033,,千葉県市川市大和田1丁目2-6,千葉県,市川市,大和田1丁目,2-6,,35.71762239,139.9209813,,,(047)383-9419,,,,,,,,,,,,,,,,,,,,,,,,,,,,,,http://www.city.ichikawa.lg.jp/edu11/1511000001.html,,,
122033,,市川市,稲荷木小学校放課後保育クラブ,トウカギショウガッコウホウカゴホイククラブ,,,,,,122033,,千葉県市川市稲荷木1丁目14-1,千葉県,市川市,稲荷木1丁目,14-1,,35.71145542,139.921577,,,(047)383-9419,,,,,,,,,,,,,,,,,,,,,,,,,,,,,,http://www.city.ichikawa.lg.jp/edu11/1511000001.html,,,
122033,,市川市,妙典小学校放課後保育クラブ,ミョウデンショウガッコウホウカゴホイククラブ,,,,,,122033,,千葉県市川市妙典2丁目14-2及び2-11-13,千葉県,市川市,妙典2丁目,14-2及び2-11-13,,35.69601861,139.930118,,,(047)383-9419,,,,,,,,,,,,,,,,,,,,,,,,,,,,,,http://www.city.ichikawa.lg.jp/edu11/1511000001.html,,,
122033,,市川市,塩浜こども館,シオハマコドモカン,,,,,,122033,,千葉県市川市塩浜4丁目31-1-103ハイタウン塩浜,千葉県,市川市,塩浜4丁目,31-1-103,ハイタウン塩浜,35.66331897,139.913029,,,(047)396-1765,,,,,,,,,,,,,,,,,,,,,,,,,,,,,,https://www.city.ichikawa.lg.jp/chi01/1111000263.html,,,
122033,,市川市,市川こども館,イチカワコドモカン,,,,,,122033,,千葉県市川市市川2丁目33-6,千葉県,市川市,市川2丁目,33-6,,35.73121589,139.906034,,,(047)322-1404,,,,,,,,,,,,,,,,,,,,,,,,,,,,,,https://www.city.ichikawa.lg.jp/chi01/1111000263.html,,,
122033,,市川市,いきいきセンター宮久保（宮久保老人いこいの家）,イキイキセンターミヤクボ（ミヤキボロウジンイコイノイエ）,,,,,,122033,,千葉県市川市宮久保4丁目2-4,千葉県,市川市,宮久保4丁目,2-4,,35.7369658,139.9360762,,,(047)372-5755,,,,,,,,,,,,,,,,,,,,,,,,,,,,,,http://www.city.ichikawa.lg.jp/wel01/1111000004.html,,,
122033,,市川市,いきいきセンター鬼越（鬼越老人いこいの家）,イキイキセンターオニゴエ（オニゴエロウジンイコイノイエ）,,,,,,122033,,千葉県市川市鬼越1丁目25-3,千葉県,市川市,鬼越1丁目,25-3,,35.72031318,139.9385501,,,(047)335-5779,,,,,,,,,,,,,,,,,,,,,,,,,,,,,,http://www.city.ichikawa.lg.jp/wel01/1111000004.html,,,
122033,,市川市,いきいきセンター北方（北方老人いこいの家）,イキイキセンターキタカタ（キタカタロウジンイコイノイエ）,,,,,,122033,,千葉県市川市北方2丁目29-19,千葉県,市川市,北方2丁目,29-19,,35.72540981,139.9410494,,,(047)332-3846,,,,,,,,,,,,,,,,,,,,,,,,,,,,,,http://www.city.ichikawa.lg.jp/wel01/1111000004.html,,,
122033,,市川市,いきいきセンター日之出（日之出老人いこいの家）,イキイキセンターヒノデ（ヒノデロウジンイコイノイエ）,,,,,,122033,,千葉県市川市日之出8-18,千葉県,市川市,日之出,8-18,,35.67811308,139.9236674,,,(047)397-8221,,,,,,,,,,,,,,,,,,,,,,,,,,,,,,http://www.city.ichikawa.lg.jp/wel01/1111000004.html,,,
122033,,市川市,いきいきセンター塩浜（塩浜老人いこいの家）,イキイキセンターシオハマ（シオハマロウジンイコイノイエ）,,,,,,122033,,千葉県市川市塩浜4丁目3-1-101ハイタウン塩浜,千葉県,市川市,塩浜4丁目,3-1-101,ハイタウン塩浜,35.66314687,139.9133131,,,(047)395-2586,,,,,,,,,,,,,,,,,,,,,,,,,,,,,,http://www.city.ichikawa.lg.jp/wel01/1111000004.html,,,
122033,,市川市,いきいきセンター田尻（田尻老人いこいの家）,イキイキセンタータジリ（タジリロウジンイコイノイエ）,,,,,,122033,,千葉県市川市田尻4丁目13-3,千葉県,市川市,田尻4丁目,13-3,,35.70335334,139.9344618,,,(047)379-8631,,,,,,,,,,,,,,,,,,,,,,,,,,,,,,http://www.city.ichikawa.lg.jp/wel01/1111000004.html,,,
122033,,市川市,いきいきセンター南行徳（南行徳老人いこいの家）,イキイキセンターミナミギョウトク（ミナミギョウトクロウジンイコイノイエ）,,,,,,122033,,千葉県市川市香取1丁目1７-18,千葉県,市川市,香取1丁目,1７-18,,35.68221922,139.9033308,,,(047)357-1104,,,,,,,,,,,,,,,,,,,,,,,,,,,,,,http://www.city.ichikawa.lg.jp/wel01/1111000004.html,,,
122033,,市川市,いきいきセンター大洲（老人福祉センター）,イキイキセンターオオス（ロウジンフクシセンター）,,,,,,122033,,千葉県市川市大洲4丁目18-3,千葉県,市川市,大洲4丁目,18-3,,35.72258446,139.9064159,,,(047)370-3562,,,,,,,,,,,,,,,,,,,,,,,,,,,,,,http://www.city.ichikawa.lg.jp/wel01/1111000004.html,,,
122033,,市川市,いきいきセンター市川（市川老人いこいの家）,イキイキセンターイチカワ（イチカワロウジンイコイノイエ）,,,,,,122033,,千葉県市川市市川2丁目33-6,千葉県,市川市,市川2丁目,33-6,,35.7314021,139.9059769,,,(047)322-2277,,,,,,,,,,,,,,,,,,,,,,,,,,,,,,http://www.city.ichikawa.lg.jp/wel01/1111000004.html,,,
122033,,市川市,いきいきセンター福栄（福栄老人いこいの家）,イキイキセンターフクエイ（フクエイロウジンイコイノイエ）,,,,,,122033,,千葉県市川市福栄4丁目32-2,千葉県,市川市,福栄4丁目,32-2,,35.669554,139.9091073,,,(047)395-6906,,,,,,,,,,,,,,,,,,,,,,,,,,,,,,http://www.city.ichikawa.lg.jp/wel01/1111000004.html,,,
122033,,市川市,いきいきセンター北国分（北国分老人いこいの家）,イキイキセンターキタコクブン（キタコクブンロウジンイコイノイエ）,,,,,,122033,,千葉県市川市北国分1丁目12-32,千葉県,市川市,北国分1丁目,12-32,,35.75889111,139.9036083,,,(047)375-2167,,,,,,,,,,,,,,,,,,,,,,,,,,,,,,http://www.city.ichikawa.lg.jp/wel01/1111000004.html,,,
122033,,市川市,いきいきセンター本館（勤労福祉センター本館 老人ホーム）,イキイキセンターホンカン（キンロウフクシセンターホンカン　ロウジンホーム）,,,,,,122033,,千葉県市川市南八幡2丁目20-1,千葉県,市川市,南八幡2丁目,20-1,,35.71361183,139.9273692,,,(047)370-5201,,,,,,,,,,,,,,,,,,,,,,,,,,,,,,http://www.city.ichikawa.lg.jp/wel01/1111000004.html,,,
122033,,市川市,いきいきセンター分館（勤労福祉センター分館 老人ホーム）,イキイキセンターブンカン（キンロウフクシセンターブンカン　ロウジンホーム）,,,,,,122033,,千葉県市川市南八幡5丁目20-3,千葉県,市川市,南八幡5丁目,20-3,,35.71886296,139.9209784,,,(047)377-7011,,,,,,,,,,,,,,,,,,,,,,,,,,,,,,http://www.city.ichikawa.lg.jp/wel01/1111000004.html,,,
122033,,市川市,養護老人ホームいこい荘,ヨウゴロウジンホームイコイソウ,,,,,,122033,,千葉県市川市大町521,千葉県,市川市,大町,521,,35.76009856,139.9534154,,,(047)337-8703/(047)337-8750,,,,,,,,,,,,,,,,,,,,,,,,,,,,,,http://www.city.ichikawa.lg.jp/wel01/1111000003.html,,,
122033,,市川市,北国分友愛住宅,キタコクブンユウアイジュウタク,,,,,,122033,,千葉県市川市北国分1丁目12-32,千葉県,市川市,北国分1丁目,12-32,,35.75889111,139.9036083,,,,,,,,,,,,,,,,,,,,,,,,,,,,,,,,,,,,
122033,,市川市,いきいきセンター福栄　（福栄老人いこいの家）,イキイキセンターフクエイ（フクエイロウジンイコイノイエ）,,,,,,122033,,千葉県市川市福栄4丁目32-2,千葉県,市川市,福栄4丁目,32-2,,35.669554,139.9091073,,,(047)395-6906,,,,,,,,,,,,,,,,,,,,,,,,,,,,,,http://www.city.ichikawa.lg.jp/wel01/1111000004.html,,,
122033,,市川市,明松園,メイショウエン,,,,,,122033,,千葉県市川市中国分2丁目17-21,千葉県,市川市,中国分2丁目,17-21,,35.75015031,139.9131221,,,(047)372-9017,,,,,,,,月火水木金,09:00,17:00,,,,,,,,,,,,,,,,,,,,https://www.city.ichikawa.lg.jp/wel06/1111000013.html,,,
122033,,市川市,身体障害者福祉センター,シンタイショウガイシャフクシセンター,,,,,,122033,,千葉県市川市本行徳1-5,千葉県,市川市,本行徳,1-5,,35.6962148,139.9193014,,,(047)357-9165,,,,,,,,月火水木金,09:00,17:00,,,,,,,,,,,,,,,,,,,,https://www.city.ichikawa.lg.jp/wel06/1111000004.html,,,
122033,,市川市,フォルテ行徳,フォルテギョウトク,,,,,,122033,,千葉県市川市本行徳1-5,千葉県,市川市,本行徳,1-5,,35.6962148,139.9193014,,,(047)357-9166,,,,,,,,月火水木金,09:00,17:00,,,,,,,,,,,,,,,,,,,,https://www.city.ichikawa.lg.jp/wel06/1111000005.html,,,
122033,,市川市,こども発達センター,コドモハッタツセンター,,,,,,122033,,千葉県市川市大洲4丁目18-3,千葉県,市川市,大洲4丁目,18-3,,35.72273089,139.9064844,,,,,,,,,,,,,,,,,,,,,,,,,,,,,,,,,,,,
122033,,市川市,そよかぜキッズ・幼児ことばの教室,ソヨカゼキッズ・ヨウジコトバノキョウシツ,,,,,,122033,,千葉県市川市稲荷木1丁目14-1,千葉県,市川市,稲荷木1丁目,14-1,,35.71185403,139.9208418,,,(047)712-6555（そよかぜキッズ）,,,,,,,,,,,,,,,,,,,,,,,,,,,,,,,,,
122033,,市川市,市川市斎場,イチカワシサイジョウ,,,,,,122033,,千葉県市川市大野町4丁目2610-1,千葉県,市川市,大野町4丁目,2610-1,,35.76191297,139.9714241,,,(047)338-2941,,,,,,,,,,,,,,,,,,,,,,,,,,,,,,,,,
122033,,市川市,市川市霊園,イチカワシレイエン,,,,,,122033,,千葉県市川市大野町4丁目2481,千葉県,市川市,大野町4丁目,2481,,35.75735927,139.9706025,,,(047)337-5696,,,,,,,,,,,,,,,,,,,,,,,,,,,,,,,,,
122033,,市川市,市川市スポーツセンター（国府台体育館）,イチカワシスポーツセンター（コウノダイタイイクカン）,,,,,,122033,,千葉県市川市国府台1丁目6-4,千葉県,市川市,国府台1丁目,6-4,,35.74302294,139.9073878,,,(047)373-3111,,,,,,,,,,,,,,,,,,,,,,,,,,,,,,https://www.city.ichikawa.lg.jp/pub06/1111000003.html,,,
122033,,市川市,信篤市民体育館,シントクシミンタイイクカン,,,,,,122033,,千葉県市川市高谷1丁目8-2,千葉県,市川市,高谷1丁目,8-2,,35.70169648,139.9422535,,,(047)327-6336,,,,,,,,,,,,,,,,,,,,,,,,,,,,,,https://www.city.ichikawa.lg.jp/pub06/1511000005.html,,,
122033,,市川市,塩浜市民体育館,シオハマシミンタイイクカン,,,,,,122033,,千葉県市川市塩浜4丁目9-1,千葉県,市川市,塩浜4丁目,9-1,,35.660975,139.914536,,,(047)398-2311,,,,,,,,,,,,,,,,,,,,,,,,,,,,,,https://www.city.ichikawa.lg.jp/pub06/1511000006.html,,,
122033,,市川市,南八幡体育館,ミナミヤワタタイイクカン,,,,,,122033,,千葉県市川市南八幡2丁目20,千葉県,市川市,南八幡2丁目,20,,35.71383522,139.9272642,,,,,,,,,,,,,,,,,,,,,,,,,,,,,,,,,,,,
122033,,市川市,市川市民プール,イチカワシミンプール,,,,,,122033,,千葉県市川市北方町4丁目22７0-3,千葉県,市川市,北方町4丁目,22７0-3,,35.73458149,139.9534264,,,(047)338-7346,,,,,,,,,,,,,,,,,,,,,,,,,,,,,,https://www.city.ichikawa.lg.jp/pub06/1531000003.html,,,
122033,,市川市,北市川スポーツパーククラブハウス,キタイチカワスポーツパーククラブハウス,,,,,,122033,,千葉県市川市柏井町4丁目277-1,千葉県,市川市,柏井町4丁目,277-1,,35.75351937,139.9670079,,,(047)337-1810,,,,,,,,,,,,,,,,,,,,,,,,,,,,,,https://www.city.ichikawa.lg.jp/pub06/1111000129.html,,,
122033,,市川市,福栄スポーツ広場,フクエイスポーツヒロバ,,,,,,122033,,千葉県市川市福栄4丁目32-4,千葉県,市川市,福栄4丁目,32-4,,35.66746932,139.9120707,,,(047)398-0606,,,,,,,,,,,,,,,,,,,,,,,,,,,,,,https://www.city.ichikawa.lg.jp/pub06/1531000008.html,,,
122033,,市川市,青葉少年スポーツ広場,アオバショウネンスポーツヒロバ,,,,,,122033,,千葉県市川市新浜1丁目26,千葉県,市川市,新浜1丁目,26,,35.6733673,139.9149513,,,(047)398-2311,,,,,,,,,,,,,,,,,,,,,,,,,,,,,,https://www.city.ichikawa.lg.jp/pub06/1551000007.html,,,
122033,,市川市,本行徳公民館プール,ホンギョウトク　コウミンカンプール,,,,,,122033,,千葉県市川市本行徳12-8,千葉県,市川市,本行徳,12-8,,35.6948,139.917,,,(047)359-1351,,,,,,,市川市,,,,夏季のみ利用可,,,,,,,,,,,,,,,,,,,,,,
122033,,市川市,信篤公民館ミニプール,シントクコウミンカンミニプール,,,,,,122033,,千葉県市川市高谷1丁目8-1,千葉県,市川市,高谷1丁目,8-1,,35.70157472,139.9419913,,,(047)327-6807,,,,,,,市川市,,,,夏季のみ利用可,,,,,,,,,,,,,,,,,,,,,,
122033,,市川市,西部公民館ミニプール,セイブコウミンカンミニプール,,,,,,122033,,千葉県市川市中国分2丁目13-8,千葉県,市川市,中国分2丁目,13-8,,35.74936245,139.9129422,,,(047)373-8175,,,,,,,市川市,,,,夏季のみ利用可,,,,,,,,,,,,,,,,,,,,,,
122033,,市川市,江戸川河川敷サッカー場,エドガワカセンジキサッカージョウ,,,,,,122033,,千葉県市川市市川南3丁目地先,千葉県,市川市,市川南3丁目,,地先,35.72580599,139.8991088,,,(047)373-3111,,,,,,,,,,,,,,,,,,,,,,,,,,,,,,https://www.city.ichikawa.lg.jp/pub06/1521000003.html,,,
122033,,市川市,国分川調節池緑地第1多目的広場,コクブンガワチョウセツイケリョクチダイイチタモクテキヒロバ,,,,,,122033,,千葉県市川市東国分3丁目1490,千葉県,市川市,東国分3丁目,1490,,35.74924705,139.9211237,,,(047)373-3111,,,,,,,,,,,,,,,,,,,,,,,,,,,,,,https://www.city.ichikawa.lg.jp/pub06/1111000082.html,,,
122033,,市川市,広尾防災公園「健康の広場」,ヒロオボウサイコウエンケンコウノヒロバ,,,,,,122033,,千葉県市川市広尾2丁目3-2,千葉県,市川市,広尾2丁目,3-2,,35.67780575,139.8899114,,,(047)359-0155,,,,,,,,,,,,,,,,,,,,,,,,,,,,,,,,,
122033,,市川市,江戸川河川敷野球場（市川南）,エドガワカセンジキヤキュウジョウ（イチカワミナミ）,,,,,,122033,,千葉県市川市市川南3・4・5丁目地先,千葉県,市川市,市川南3・4・5丁目,,地先,35.72447751,139.8999099,,,(047)373-3111,,,,,,,,,,,,,,,,,,,,,,,,,,,,,,https://www.city.ichikawa.lg.jp/pub06/1521000003.html,,,
122033,,市川市,江戸川河川敷野球場（大洲）,エドガワカセンジキヤキュウジョウ（オオス）,,,,,,122033,,千葉県市川市大洲2丁目地先,千葉県,市川市,大洲2丁目,,地先,35.71505116,139.9097292,,,(047)373-3111,,,,,,,,,,,,,,,,,,,,,,,,,,,,,,https://www.city.ichikawa.lg.jp/pub06/1521000003.html,,,
122033,,市川市,江戸川河川敷野球場（河原）,エドガワカセンジキヤキュウジョウ（カワラ）,,,,,,122033,,千葉県市川市河原地先,千葉県,市川市,河原地先,,,35.70339096,139.9192821,,,(047)373-3111,,,,,,,,,,,,,,,,,,,,,,,,,,,,,,https://www.city.ichikawa.lg.jp/pub06/1521000003.html,,,
122033,,市川市,国分川調節池緑地第2多目的広場,コクブンガワチョウセツイケリョクチダイニタモクテキヒロバ,,,,,,122033,,千葉県市川市東国分3丁目1490,千葉県,市川市,東国分3丁目,1490,,35.75023791,139.9212435,,,(047)373-3111,,,,,,,,,,,,,,,,,,,,,,,,,,,,,,https://www.city.ichikawa.lg.jp/pub06/1111000082.html,,,
122033,,市川市,原木公園運動広場,バラキコウエンウンドウヒロバ,,,,,,122033,,千葉県市川市原木2486-3,千葉県,市川市,原木,2486-3,,35.68738061,139.9515365,,,(047)327-6336,,,,,,,,,,,,,,,,,,,,,,,,,,,,,,https://www.city.ichikawa.lg.jp/pub06/1111000014.html,,,
122033,,市川市,江戸川河川敷少年野球場（大和田）,エドガワカセンジキショウネンヤキュウジョウ（オオワダ）,,,,,,122033,,千葉県市川市大和田5丁目地先,千葉県,市川市,大和田5丁目,,地先,35.7136458,139.9115165,,,(047)373-3111,,,,,,,,,,,,,,,,,,,,,,,,,,,,,,https://www.city.ichikawa.lg.jp/pub06/1521000003.html,,,
122033,,市川市,江戸川河川敷少年野球場（稲荷木）,エドガワカセンジキショウネンヤキュウジョウ（トウカギ）,,,,,,122033,,千葉県市川市稲荷木2丁目地先,千葉県,市川市,稲荷木2丁目,,地先,35.70553781,139.9215319,,,(047)373-3111,,,,,,,,,,,,,,,,,,,,,,,,,,,,,,https://www.city.ichikawa.lg.jp/pub06/1521000003.html,,,
122033,,市川市,クリーンセンターテニスコート,クリーンセンターテニスコート,,,,,,122033,,千葉県市川市田尻1003,千葉県,市川市,田尻,1003,,35.68716463,139.9432373,,,(047)328-2326,,,,,,,,,,,,,,,,,,,,,,,,,,,,,,http://www.city.ichikawa.lg.jp/pub06/1111000005.html,,,
122033,,市川市,塩浜市民体育館テニスコート,シオハマシミンタイイクカンテニスコート,,,,,,122033,,千葉県市川市塩浜4丁目9-1,千葉県,市川市,塩浜4丁目,9-1,,35.66106327,139.9139159,,,(047)398-2311,,,,,,,,,,,,,,,,,,,,,,,,,,,,,,http://www.city.ichikawa.lg.jp/pub06/1521000007.html,,,
122033,,市川市,行徳中央公園テニスコート,ギョウトクチュウオウコウエンテニスコート,,,,,,122033,,千葉県市川市富浜3丁目10,千葉県,市川市,富浜3丁目,10,,35.68680205,139.9218686,,,(047)399-2933,,,,,,,,,,,,,,,,,,,,,,,,,,,,,,http://www.city.ichikawa.lg.jp/pub06/1531000007.html,,,
122033,,市川市,塩焼中央公園テニスコート,シオヤキチュウオウコウエンテニスコート,,,,,,122033,,千葉県市川市塩焼5丁目6,千葉県,市川市,塩焼5丁目,6,,35.68546945,139.9291977,,,(047)399-2933,,,,,,,,,,,,,,,,,,,,,,,,,,,,,,http://www.city.ichikawa.lg.jp/pub06/1541000007.html,,,
122033,,市川市,福栄スポーツ広場テニスコート,フクエイスポーツヒロバテニスコート,,,,,,122033,,千葉県市川市福栄4丁目32-4,千葉県,市川市,福栄4丁目,32-4,,35.66628449,139.9114184,,,(047)398-0606,,,,,,,,,,,,,,,,,,,,,,,,,,,,,,http://www.city.ichikawa.lg.jp/pub06/1511000008.html,,,
122033,,市川市,国府台テニスコート,コウノダイテニスコート,,,,,,122033,,千葉県市川市国府台1丁目6-4,千葉県,市川市,国府台1丁目,6-4,,35.74273553,139.908903,,,(047)373-3111,,,,,,,,,,,,,,,,,,,,,,,,,,,,,,http://www.city.ichikawa.lg.jp/pub06/1541000002.html,,,
122033,,市川市,菅野終末処理場テニスコート,スガノシュウマツショリジョウテニスコート,,,,,,122033,,千葉県市川市東菅野2丁目23-1,千葉県,市川市,東菅野2丁目,23-1,,35.73560682,139.9278689,,,(047)325-0144,,,,,,,,,,,,,,,,,,,,,,,,,,,,,,http://www.city.ichikawa.lg.jp/pub06/1541000003.html,,,
122033,,市川市,J:COM北市川スポーツパーク,ジェイコムキタイチカワスポーツパーク,,,,,,122033,,千葉県市川市柏井町4丁目277-1,千葉県,市川市,柏井町4丁目,277-1,,35.75355217,139.9676198,,,(047)337-1810,,,,,,,,,,,,,,,,,,,,,,,,,,,,,,http://www.city.ichikawa.lg.jp/pub06/1111000129.html,,,
122033,,市川市,国府台陸上競技場,ｺｳﾉﾀﾞｲﾘｸｼﾞｮｳｷｮｳｷﾞｼﾞｮｳ,,,,,,122033,,千葉県市川市国府台1丁目6-4,千葉県,市川市,国府台1丁目,6-4,,35.743717,139.9084,,,(047)373-3111,,,,,,,,,,,,,,,,,,,,,,,,,,,,,,https://www.city.ichikawa.lg.jp/pub06/1521000002.html,,,
122033,,市川市,市川市アイ・リンクタウン展望施設,イチカワシアイ・リンクタウンテンボウシセツ,,,,,,122033,,千葉県市川市市川南1丁目10-1,千葉県,市川市,市川南1丁目,10-1,,35.72898717,139.9064899,,,(047)322-9300,,,,,,,,,,,,,,,,,,,,,,,,,,,,,,,,,
122033,,市川市,動植物園,ドウショクブツエン,,,,,,122033,,千葉県市川市大町284-1,千葉県,市川市,大町,284-1,,35.76458032,139.9663291,,,(047)338-1960,,,,,,,,,,,,,,,,,,,,,,,,,,,,,,,,,
122033,,市川市,観賞植物園,カンショウショクブツエン,,,,,,122033,,千葉県市川市大町213-11,千葉県,市川市,大町,213-11,,35.76845712,139.9704539,,,(047)339-4411,,,,,,,,,,,,,,,,,,,,,,,,,,,,,,,,,
122033,,市川市,市川市地域振興施設（道の駅いちかわ）,イチカワシチイキシンコウシセツ（ミチノエキイチカワ）,,,,,,122033,,千葉県市川市国分6丁目10-1,千葉県,市川市,国分6丁目,10-1,,35.74989619,139.920085,,,,,,,,,,,,,,,,,,,,,,,,,,,,,,,,,https://www.michinoeki-ichikawa.jp/,,,
122033,,市川市,市川市クリーンセンター　余熱利用施設　クリーンスパ市川,イチカワシクリーンセンターヨネツリヨウシセツクリーンスパイチカワ,,,,,,122033,,千葉県市川市上妙典1554,千葉県,市川市,上妙典,1554,,35.68602872,139.9437397,,,(047)329-6711,,,,,,,,,,,,,,,,,,,,,,,,,,,,,,https://www.cleanspa.jp/,,,
122033,,市川市,いちかわ市民キャンプ場,イチカワシミンキャンプジョウ,,,,,,122033,,千葉県市川市柏井町2丁目992-1,千葉県,市川市,柏井町2丁目,992-1,,35.74495417,139.9737612,,,(047)337-9802,,,,,,,,,,,,,,,,,,,,,,,,,,,,,,http://www.city.ichikawa.lg.jp/pub06/1551000003.html,,,
122033,,市川市,急病診療・ふれあいセンター,キュウビョウシンリョウ・フレアイセンター,,,,,,122033,,千葉県市川市大洲1丁目18-1,千葉県,市川市,大洲1丁目,18-1,,35.71803571,139.9109498,,,(047)377-1222,,,,,,,,,,,,,,,,,,,,,,,,,,,,,,,,,
122033,,市川市,休日急病等歯科診療所,キュウジツキュウビョウトウシカシンリョウジョ,,,,,,122033,,千葉県市川市大洲1丁目18-1,千葉県,市川市,大洲1丁目,18-1,,35.71803571,139.9109498,,,,,,,,,,,,,,,,,,,,,,,,,,,,,,,,,,,,
122033,,市川市,急病診療所,キュウビョウシンリョウジョ,,,,,,122033,,千葉県市川市大洲1丁目18-1,千葉県,市川市,大洲1丁目,18-1,,35.7180,139.9109,,,,,,,,,,,,,,,,,,,,,,,,,,,,,,,,,,,,
122033,,市川市,中央図書館,チュウオウトショカン,,,,,,122033,,千葉県市川市鬼高1丁目1-4生涯学習センター（メディアパーク市川）,千葉県,市川市,鬼高1丁目,1-4,生涯学習センター（メディアパーク市川）,35.71545829,139.9320268,,,(047)320-3346,,,,,272-0015,,,火水木金土日,10:00,19:30,土日祝18時まで,,可,有,,有,,有,有,可,,有,有,,有,有,有,,可,https://www.city.ichikawa.lg.jp/library/guide/1014.html,,,
122033,,市川市,こどもとしょかん,コドモトショカン,,,,,,122033,,千葉県市川市鬼高1丁目1-4,千葉県,市川市,鬼高1丁目,1-4,,35.71593061,139.9320142,,,(047)320-3346,,,,,272-0015,,,火水木金土日,10:00,18:00,土日祝17時まで,,可,有,,有,,有,有,,,有,有,,有,有,有,,可,https://www.city.ichikawa.lg.jp/library/kodomo/,,,
122033,,市川市,行徳図書館,ギョウトクトショカン,,,,,,122033,,千葉県市川市末広1丁目1-31,千葉県,市川市,末広1丁目,1-31,,35.68527961,139.9167271,,,(047)358-9011,,,,,272-0121,,,火水木金土日,10:00,19:30,土日祝17時まで,,,　,,,,,,,,,,,,有,,,,https://www.city.ichikawa.lg.jp/library/guide/1002.html,,,
122033,,市川市,信篤図書館,シントクトショカン,,,,,,122033,,千葉県市川市高谷1丁目8-1,千葉県,市川市,高谷1丁目,8-1,,35.70209,139.941742,,,(047)328-8831,,,,,272-0013,,,火水木金土日,9:00,17:00,,,,,,,,,,,,,,,,,,,,https://www.city.ichikawa.lg.jp/library/guide/1007.html,,,
122033,,市川市,南行徳図書館,ミナミギョウトクトショカン,,,,,,122033,,千葉県市川市相之川1丁目2-4,千葉県,市川市,相之川1丁目,2-4,,35.680842,139.8999063,,,(047)357-4188,,,,,272-0143,,,火水木金土日,9:30,17:00,,,,,,,,,,,,,,,,,,,,https://www.city.ichikawa.lg.jp/library/guide/1003.html,,,
122033,,市川市,市川駅南口図書館,イチカワエキミナミグチトショカン,,,,,,122033,,千葉県市川市市川南1丁目10-1I-linkタウンいちかわ　ザ・タワーズ・ウエスト3階,千葉県,市川市,市川南1丁目,10-1,I-linkタウンいちかわ　ザ・タワーズ・ウエスト3階,35.72918783,139.9060374,,,(047)325-6241,,,,,272-0033,,,火水木金土日,9:30,21:00,土日祝18時まで,,,,,,,,,,,,,,,,,,,https://www.city.ichikawa.lg.jp/library/guide/1015.html,,,
122033,,市川市,平田図書室,ヒラタトショシツ,,,,,,122033,,千葉県市川市平田1丁目20-16,千葉県,市川市,平田1丁目,20-16,,35.72465969,139.9195982,,,(047)321-2243,,,,,272-0031,,,火水木金土日,9:30,17:00,,,,,,,,,,,,,,,,,,,,https://www.city.ichikawa.lg.jp/library/guide/1008.html,,,
122033,,市川市,大柏市民図書室,オオガシワシミントショシツ,,,,,,122033,,千葉県市川市大野町2丁目1877,千葉県,市川市,大野町2丁目,1877,,35.750451,139.9561198,,,(047)338-7897,,,,,272-0805,,,水土日,10:00,16:00,祝日閉室,,,,,,,,,,,,,,,,,,,https://www.city.ichikawa.lg.jp/library/guide/1004.html,,,
122033,,市川市,塩焼市民図書室,シオヤキシミントショシツ,,,,,,122033,,千葉県市川市塩焼5丁目9-8,千葉県,市川市,塩焼5丁目,9-8,,35.68388281,139.9299843,,,(047)397-6823,,,,,272-0114,,,水土日,10:00,16:00,祝日閉室,,,,,,,,,,,,,,,,,,,https://www.city.ichikawa.lg.jp/library/guide/1004.html,,,
122033,,市川市,福栄市民図書室,フクエイシミントショシツ,,,,,,122033,,千葉県市川市南行徳2丁目2-1,千葉県,市川市,南行徳2丁目,2-1,,35.67172083,139.907089,,,(047)395-5020,,,,,272-0138,,,水土日,10:00,16:00,祝日閉室,,,,,,,,,,,,,,,,,,,https://www.city.ichikawa.lg.jp/library/guide/1004.html,,,
122033,,市川市,男女共同参画センター情報資料室,ウィズジョウホウシリョウシツ,,,,,,122033,,千葉県市川市市川1丁目24-2,千葉県,市川市,市川1丁目,24-2,,35.73024558,139.9103988,,,,,,,,272-0034,,,水土日,9:30,17:00,祝日閉室,,,,,,,,,,,,,,,,,,,https://www.city.ichikawa.lg.jp/gen05/1111000007.html,,,
122033,,市川市,大野公民館図書室,オオノコウミンカントショシツ,,,,,,122033,,千葉県市川市南大野2丁目3-19,千葉県,市川市,南大野2丁目,3-19,,35.74531189,139.9532011,,,,,,,,272-0804,,,火水木金土日,9:30,17:00,木・金・土12時〜13時休室,,,,,,,,,,,,,,,,,,,https://www.city.ichikawa.lg.jp/library/guide/1009.html,,,
122033,,市川市,西部公民館図書室,セイブコウミンカントショシツ,,,,,,122033,,千葉県市川市中国分2丁目13-8,千葉県,市川市,中国分2丁目,13-8,,35.74935172,139.9132152,,,,,,,,272-0835,,,火水木金土日,9:30,17:00,12時〜13時休室,,,,,,,,,,,,,,,,,,,https://www.city.ichikawa.lg.jp/library/guide/1009.html,,,
122033,,市川市,曽谷公民館図書室,ソヤコウミンカントショシツ,,,,,,122033,,千葉県市川市曽谷6丁目25-5,千葉県,市川市,曽谷6丁目,25-5,,35.74367653,139.9276133,,,,,,,,272-0832,,,火水木金土日,9:00,16:30,12時〜13時休室　図書館資料の貸出は水・木・土・日,,,,,,,,,,,,,,,,,,,https://www.city.ichikawa.lg.jp/library/guide/1009.html,,,
122033,,市川市,東部公民館図書室,トウブコウミンカントショシツ,,,,,,122033,,千葉県市川市北方3丁目19-16,千葉県,市川市,北方3丁目,19-16,,35.72891956,139.9508412,,,,,,,,272-0815,,,火水木金土日,9:00,16:30,12時〜13時休室　図書館資料の貸出は水・木・土・日,,,,,,,,,,,,,,,,,,,https://www.city.ichikawa.lg.jp/library/guide/1009.html,,,
122033,,市川市,いちかわ情報プラザ2階図書受け渡し窓口,イチカワジョウホウプラザニカイトショウケワタシマドグチ,,,,,,122033,,千葉県市川市南八幡2丁目2-5,千葉県,市川市,南八幡2丁目,2-5,,35.72060389,139.9264984,,,(047)314-0811,,,,,272-0023,,,火水木金土日,10:00,19:30,土日祝18時まで,,,,,,,,,,,,,,,,,,,https://www.city.ichikawa.lg.jp/library/guide/1005.html,,,
122033,,市川市,第1庁舎,ダイイチチョウシャ,,,,,,122033,,千葉県市川市八幡1丁目1-1,千葉県,市川市,八幡1丁目,1-1,,35.72209546,139.9306079,,,,,,,,,,,,,,,,,,,,,,,,,,,,,,,,,,,,
122033,,市川市,第2庁舎,ダイニチョウシャ,,,,,,122033,,千葉県市川市南八幡2丁目20-2,千葉県,市川市,南八幡2丁目,20-2,,35.71393225,139.9279962,,,,,,,,,,,,,,,,,,,,,,,,,,,,,,,,,,,,
122033,,市川市,行徳支所,ギョウトクシショ,,,,,,122033,,千葉県市川市末広1丁目1-31,千葉県,市川市,末広1丁目,1-31,,35.68566311,139.9163834,,,(047)359-1111,,,,,,,,,,,,,,,,,,,,,,,,,,,,,,,,,
122033,,市川市,大柏出張所,オオガシワシュッチョウジョ,,,,,,122033,,千葉県市川市南大野2丁目3-19,千葉県,市川市,南大野2丁目,3-19,,35.7453025,139.9532306,,,(047)339-3111,,,,,,,,月火水木金,8:45,17:15,,,,,,,,,,,,,,,,,,,,https://www.city.ichikawa.lg.jp/res05/1111000001.html,,,
122033,,市川市,南行徳市民センター,ミナミギョウトクシミンセンター,,,,,,122033,,千葉県市川市南行徳1丁目21-1,千葉県,市川市,南行徳1丁目,21-1,,35.67167425,139.9013568,,,(047)359-7891,,,,,,,,,,,,,,,,,,,,,,,,,,,,,,,,,
122033,,市川市,市川駅行政サービスセンター,イチカワエキギョウセイサービスセンター,,,,,,122033,,千葉県市川市市川南1‐1‐1‐213　ザ・タワーズイースト2階,千葉県,市川市,市川南,1‐1‐1‐213　,ザ・タワーズイースト2階,35.72833992,139.9080374,,,(047)704-3111,,,,,,,,,,,,,,,,,,,,,,,,,,,,,,,,,
122033,,市川市,分庁舎Ｃ棟,ブンチョウシャシートウ,,,,,,122033,,千葉県市川市東大和田1丁目2-10　分庁舎C棟2階,千葉県,市川市,東大和田1丁目,2-10　,分庁舎C棟2階,35.71411423,139.9267837,,,(047)383-9568,,,,,,,,,,,,,,,,,,,,,,,,,,,,,,,,,
122033,,市川市,アクス本八幡執務室,アクスモトヤワタシツムシツ,,,,,,122033,,千葉県市川市八幡3丁目4-1,千葉県,市川市,八幡3丁目,4-1,,35.72384842,139.9266414,,,,,,,,,,,,,,,,,,,,,,,,,,,,,,,,,,,,
122033,,市川市,グランドターミナルタワー本八幡執務室,グランドターミナルタワーモトヤワタシツムシツ,,,,,,122033,,千葉県市川市八幡3丁目3-2　グランドターミナルタワー本八幡,千葉県,市川市,八幡3丁目,3-2　,グランドターミナルタワー本八幡,35.7228802,139.9274795,,,,,,,,,,,,,,,,,,,,,,,,,,,,,,,,,,,,
122033,,市川市,いちかわ情報プラザ,イチカワジョウホウプラザ,,,,,,122033,,千葉県市川市南八幡4丁目2-5,千葉県,市川市,南八幡4丁目,2-5,,35.72060389,139.9264984,,,,,,,,,,,,,,,,,,,,,,,,,,,,,,,,,,,,
122033,,市川市,保健センター,ホケンセンター,,,,,,122033,,千葉県市川市南八幡4丁目18-8,千葉県,市川市,南八幡4丁目,18-8,,35.71733006,139.9240038,,,(047)377-4511,,,,,,,,月火水木金,8:45,17:15,年末年始・祝日除く,,,,,,,,,,,,,,,,,,,,,,
122033,,市川市,旧八幡市民談話室,キュウヤワタシミンダンワシツ,,,,,,122033,,千葉県市川市八幡2丁目4-8,千葉県,市川市,八幡2丁目,4-8,,35.72257083,139.9279823,,,(047)335-1711,,,,,,,,,,,,,,,,,,,,,,,,,,,,,,,,,
122033,,市川市,信篤窓口連絡所,シントクマドグチレンラクジョ,,,,,,122033,,千葉県市川市高谷1丁目8-3,千葉県,市川市,高谷1丁目,8-3,,35.70113722,139.9420256,,,(047)327-3352,,,,,,,,月火水木金,8:45,17:00,,,,,,,,,,,,,,,,,,,,,,,
122033,,市川市,国分窓口連絡所,コクブンマドグチレンラクジョ,,,,,,122033,,千葉県市川市国分6丁目22-8,千葉県,市川市,国分6丁目,22-8,,35.75139853,139.9181103,,,(047)372-7693,,,,,,,,月火水木金,8:45,17:00,,,,,,,,,,,,,,,,,,,,,,,
122033,,市川市,中山窓口連絡所,ナカヤママドグチレンラクジョ,,,,,,122033,,千葉県市川市中山4丁目14-1,千葉県,市川市,中山4丁目,14-1,,35.71729519,139.9459049,,,(047)332-6661,,,,,,,,月火水木金,8:45,17:00,,,,,,,,,,,,,,,,,,,,,,,
122033,,市川市,南行徳保健センター,ミナミギョウトクホケンセンター,,,,,,122033,,千葉県市川市南行徳1丁目21-1,千葉県,市川市,南行徳1丁目,21-1,,35.67167425,139.9013568,,,(047)359-8785,,,,,,,,月火水木金,8:45,17:15,年末年始・祝日除く,,,,,,,,,,,,,,,,,,,,,,
122033,,市川市,消防局・東消防署合同庁舎,ショウボウキョク・ヒガシショウボウショゴウドウチョウシャ,,,,,,122033,,千葉県市川市八幡1丁目8-1,千葉県,市川市,八幡1丁目,8-1,,35.71942036,139.9347577,,,(047)333-2111,,,,,,,,,,,,,,,,,,,,,,,,,,,,,,,,,
122033,,市川市,西消防署,ニシショウボウショ,,,,,,122033,,千葉県市川市市川1丁目24-2,千葉県,市川市,市川1丁目,24-2,,35.73004987,139.9104031,,,(047)323-0119,,,,,,,,,,,,,,,,,,,,,,,,,,,,,,,,,
122033,,市川市,南消防署,ミナミショウボウショ,,,,,,122033,,千葉県市川市行徳駅前4丁目6-19,千葉県,市川市,行徳駅前4丁目,6-19,,35.6795598,139.915137,,,(047)397-0119,,,,,,,,,,,,,,,,,,,,,,,,,,,,,,,,,
122033,,市川市,北消防署,キタショウボウショ,,,,,,122033,,千葉県市川市大野町4丁目2163-1,千葉県,市川市,大野町4丁目,2163-1,,35.75115465,139.9602869,,,(047)338-0119,,,,,,,,,,,,,,,,,,,,,,,,,,,,,,,,,
122033,,市川市,東消防署中山出張所,ヒガシショウボウショナカヤマシュッチョウジョ,,,,,,122033,,千葉県市川市北方3丁目10-11,千葉県,市川市,北方3丁目,10-11,,35.72442961,139.9476566,,,(047)332-0119,,,,,,,,,,,,,,,,,,,,,,,,,,,,,,,,,
122033,,市川市,東消防署高谷出張所,ヒガシショウボウショコウヤシュッチョウジョ,,,,,,122033,,千葉県市川市高谷2023-10,千葉県,市川市,高谷,2023-10,,35.68503495,139.9496801,,,(047)327-0119,,,,,,,,,,,,,,,,,,,,,,,,,,,,,,,,,
122033,,市川市,西消防署国府台出張所,ニシショウボウショコウノダイシュッチョウジョ,,,,,,122033,,千葉県市川市国府台1丁目6-8,千葉県,市川市,国府台1丁目,6-8,,35.74441921,139.9054811,,,(047)372-0119,,,,,,,,,,,,,,,,,,,,,,,,,,,,,,,,,
122033,,市川市,南消防署行徳出張所,ミナミショウボウショギョウトクシュッチョウジョ,,,,,,122033,,千葉県市川市本行徳12-10,千葉県,市川市,本行徳,12-10,,35.69428257,139.9181476,,,(047)356-0119,,,,,,,,,,,,,,,,,,,,,,,,,,,,,,,,,
122033,,市川市,南消防署広尾出張所,ミナミショウボウショヒロオシュッチョウジョ,,,,,,122033,,千葉県市川市広尾2丁目2-12,千葉県,市川市,広尾2丁目,2-12,,35.67976943,139.8905605,,,(047)306-0119,,,,,,,,,,,,,,,,,,,,,,,,,,,,,,,,,
122033,,市川市,北消防署曽谷出張所,キタショウボウショソヤシュッチョウジョ,,,,,,122033,,千葉県市川市曽谷2丁目７-2,千葉県,市川市,曽谷2丁目,７-2,,35.74517382,139.935749,,,(047)374-0119,,,,,,,,,,,,,,,,,,,,,,,,,,,,,,,,,
122033,,市川市,消防団第19分団車庫兼詰所,ショウボウダンダイ１９ブンダンシャコケンツメショ,,,,,,122033,,千葉県市川市田尻5丁目5-20,千葉県,市川市,田尻5丁目,5-20,,35.70292077,139.931393,,,,,,,,,,,,,,,,,,,,,,,,,,,,,,,,,,,,
122033,,市川市,消防団第22分団車庫兼詰所,ショウボウダンダイ２２ブンダンシャコケンツメショ,,,,,,122033,,千葉県市川市香取1丁目9-2,千葉県,市川市,香取1丁目,9-2,,35.68293457,139.9073689,,,,,,,,,,,,,,,,,,,,,,,,,,,,,,,,,,,,
122033,,市川市,西消防署大洲出張所,ニシショウボウショオオスシュッチョウジョ,,,,,,122033,,千葉県市川市大洲1丁目18-1,千葉県,市川市,大洲1丁目,18-1,,35.71796545,139.9109182,,,(047)376-0119,,,,,,,,,,,,,,,,,,,,,,,,,,,,,,,,,
122033,,市川市,震災対策用資材倉庫,シンサイタイサクヨウシザイソウコ,,,,,,122033,,千葉県市川市曽谷3丁目1049-1,千葉県,市川市,曽谷3丁目,1049-1,,35.74273968,139.9329422,,,,,,,,,,,,,,,,,,,,,,,,,,,,,,,,,,,,
122033,,市川市,塩浜第2防災倉庫　5号棟,シオハマダイニボウサイソウコ　ゴゴウトウ,,,,,,122033,,千葉県市川市塩浜4丁目2-5,千葉県,市川市,塩浜4丁目,2-5,,35.66040064,139.9119282,,,,,,,,,,,,,,,,,,,,,,,,,,,,,,,,,,,,
122033,,市川市,塩浜第2防災倉庫　9号棟,シオハマダイニボウサイソウコ　コ　キュウゴウトウ,,,,,,122033,,千葉県市川市塩浜4丁目2-9,千葉県,市川市,塩浜4丁目,2-9,,35.66321294,139.9118647,,,,,,,,,,,,,,,,,,,,,,,,,,,,,,,,,,,,
122033,,市川市,相之川防災倉庫,アイノカワボウサイソウコ,,,,,,122033,,千葉県市川市相之川1丁目6,千葉県,市川市,相之川1丁目,6,,35.68178031,139.8982941,,,,,,,,,,,,,,,,,,,,,,,,,,,,,,,,,http://www.city.ichikawa.lg.jp/gen06/1551000001.html,,,
122033,,市川市,防災倉庫（塩浜）,ボウサイソウコ（シオハマ）,,,,,,122033,,千葉県市川市塩浜4丁目3-1,千葉県,市川市,塩浜4丁目,3-1,,35.66314894,139.9132564,,,,,,,,,,,,,,,,,,,,,,,,,,,,,,,,,http://www.city.ichikawa.lg.jp/gen06/1551000001.html,,,
122033,,市川市,防災倉庫（柏井町2丁目）,ボウサイソウコ（カシワイマチニチョウメ）,,,,,,122033,,千葉県市川市柏井町2丁目844,千葉県,市川市,柏井町2丁目,844,,35.74596578,139.965405,,,,,,,,,,,,,,,,,,,,,,,,,,,,,,,,,,,,
122033,,市川市,防災倉庫（国分）,ボウサイソウコ（コクブン）,,,,,,122033,,千葉県市川市中国分1丁目22-1,千葉県,市川市,中国分1丁目,22-1,,35.75437447,139.9160566,,,,,,,,,,,,,,,,,,,,,,,,,,,,,,,,,http://www.city.ichikawa.lg.jp/gen06/1551000001.html,,,
122033,,市川市,防災倉庫（須和田）,ボウサイソウコ（スワダ）,,,,,,122033,,千葉県市川市真間5丁目1-13,千葉県,市川市,真間5丁目,1-13,,35.73873875,139.9117066,,,,,,,,,,,,,,,,,,,,,,,,,,,,,,,,,,,,
122033,,市川市,防災倉庫（曽谷）,ボウサイソウコ（ソヤ）,,,,,,122033,,千葉県市川市曽谷6丁目10-1,千葉県,市川市,曽谷6丁目,10-1,,35.74062042,139.9273195,,,,,,,,,,,,,,,,,,,,,,,,,,,,,,,,,http://www.city.ichikawa.lg.jp/gen06/1551000001.html,,,
122033,,市川市,防災倉庫（大洲）,ボウサイソウコ（オオス）,,,,,,122033,,千葉県市川市大洲4丁目18-1,千葉県,市川市,大洲4丁目,18-1,,35.72312139,139.9064962,,,,,,,,,,,,,,,,,,,,,,,,,,,,,,,,,http://www.city.ichikawa.lg.jp/gen06/1551000001.html,,,
122033,,市川市,防災倉庫（北方）,ボウサイソウコ（キタカタ）,,,,,,122033,,千葉県市川市本北方3丁目19-16,千葉県,市川市,本北方3丁目,19-16,,35.72872039,139.9502211,,,,,,,,,,,,,,,,,,,,,,,,,,,,,,,,,http://www.city.ichikawa.lg.jp/gen06/1551000001.html,,,
122033,,市川市,防災倉庫（信篤）,ボウサイソウコ（シントク）,,,,,,122033,,千葉県市川市高谷1丁目8-3,千葉県,市川市,高谷1丁目,8-3,,35.70144364,139.9420923,,,,,,,,,,,,,,,,,,,,,,,,,,,,,,,,,http://www.city.ichikawa.lg.jp/gen06/1551000001.html,,,
122033,,市川市,防災倉庫（妙典）,ボウサイソウコ（ミョウデン）,,,,,,122033,,千葉県市川市妙典2丁目14-2,千葉県,市川市,妙典2丁目,14-2,,35.69607278,139.9299965,,,,,,,,,,,,,,,,,,,,,,,,,,,,,,,,,,,,
122033,,市川市,広尾防災公園備蓄倉庫,ヒロオボウサイコウエンビチクソウコ,,,,,,122033,,千葉県市川市広尾2丁目3-2,千葉県,市川市,広尾2丁目,3-2,,35.71827842,139.9106808,,,,,,,,,,,,,,,,,,,,,,,,,,,,,,,,,,,,
122033,,市川市,大洲防災公園備蓄倉庫,オオスボウサイコウエンビチクソウコ,,,,,,122033,,千葉県市川市大洲1丁目18,千葉県,市川市,大洲1丁目,18,,35.67515164,139.9017032,,,,,,,,,,,,,,,,,,,,,,,,,,,,,,,,,,,,
122033,,市川市,市川地下駐輪場,イチカワチカチュウリンジョウ,,,,,,122033,,千葉県市川市市川1丁目1825-14,千葉県,市川市,市川1丁目,1825-14,,35.7288345,139.9089665,,,,,,,,,,,,,,,,,,,,,,,,,,,,,,,,,,,,
122033,,市川市,市川アイ・リンクタウン地下駐輪場,イチカワアイ・リンクタウンチカチュウリンジョウ,,,,,,122033,,千葉県市川市市川南1丁目1,千葉県,市川市,市川南1丁目,1,,35.72876375,139.9067445,,,,,,,,,,,,,,,,,,,,,,,,,,,,,,,,,,,,
122033,,市川市,八幡地下駐輪場,ヤワタチカチュウリンジョウ,,,,,,122033,,千葉県市川市八幡3丁目1-4,千葉県,市川市,八幡3丁目,1-4,,35.72360305,139.9268463,,,,,,,,,,,,,,,,,,,,,,,,,,,,,,,,,,,,
122033,,市川市,八幡第2地下駐輪場,ヤワタダ゛イニチカチュウリンジョウ,,,,,,122033,,千葉県市川市八幡3丁目1343-７,千葉県,市川市,八幡3丁目,1343-７,,35.72236872,139.9261153,,,,,,,,,,,,,,,,,,,,,,,,,,,,,,,,,,,,
122033,,市川市,妙典第1駐輪場,ミョウデンダイイチチュウリンジョウ,,,,,,122033,,千葉県市川市富浜2丁目19,千葉県,市川市,富浜2丁目,19,,35.690218,139.923553,,,,,,,,,,,,,,,,,,,,,,,,,,,,,,,,,,,,
122033,,市川市,妙典第2駐輪場,ミョウデンダイニチュウリンジョウ,,,,,,122033,,千葉県市川市妙典4丁目102-1,千葉県,市川市,妙典4丁目,102-1,,35.692676,139.92639,,,,,,,,,,,,,,,,,,,,,,,,,,,,,,,,,,,,
122033,,市川市,ターミナルシティ本八幡地下駐輪場,ターミナルシティモトヤワタチカチュウリンジョウ,,,,,,122033,,千葉県市川市八幡3丁目1245-18,千葉県,市川市,八幡3丁目,1245-18,,35.724036,139.927416,,,,,,,,,,,,,,,,,,,,,,,,,,,,,,,,,,,,
122033,,市川市,市川第4駐輪場,イチカワダイヨンチュウリンジョウ,,,,,,122033,,千葉県市川市市川1丁目1089-14,千葉県,市川市,市川1丁目,1089-14,,35.72860892,139.9093421,,,,,,,,,,,,,,,,,,,,,,,,,,,,,,,,,,,,
122033,,市川市,八幡第1駐輪場,ヤワタダイイチチュウリンジョウ,,,,,,122033,,千葉県市川市八幡3丁目622-2,千葉県,市川市,八幡3丁目,622-2,,35.72185577,139.9250536,,,,,,,,,,,,,,,,,,,,,,,,,,,,,,,,,,,,
122033,,市川市,八幡第3駐輪場,ヤワタダイサンチュウリンジョウ,,,,,,122033,,千葉県市川市八幡3丁目54７-2,千葉県,市川市,八幡3丁目,54７-2,,35.7221267,139.9243686,,,,,,,,,,,,,,,,,,,,,,,,,,,,,,,,,,,,
122033,,市川市,下総中山駐輪場,シモウサナカヤマチュウリンジョウ,,,,,,122033,,千葉県市川市高石神152-2,千葉県,市川市,高石神,152-2,,35.71528978,139.9408401,,,,,,,,,,,,,,,,,,,,,,,,,,,,,,,,,,,,
122033,,市川市,大野第1駐輪場,オオノダイイチチュウリンジョウ,,,,,,122033,,千葉県市川市大野町3丁目1435-5,千葉県,市川市,大野町3丁目,1435-5,,35.75591386,139.9508469,,,,,,,,,,,,,,,,,,,,,,,,,,,,,,,,,,,,
122033,,市川市,行徳第1駐輪場,ギョウトクダイイチチュウリンジョウ,,,,,,122033,,千葉県市川市行徳駅前1丁目18,千葉県,市川市,行徳駅前1丁目,18,,35.68377978,139.9156302,,,,,,,,,,,,,,,,,,,,,,,,,,,,,,,,,,,,
122033,,市川市,行徳第2駐輪場,ギョウトクダイニチュウリンジョウ,,,,,,122033,,千葉県市川市行徳駅前2丁目24,千葉県,市川市,行徳駅前2丁目,24,,35.68165422,139.9131201,,,,,,,,,,,,,,,,,,,,,,,,,,,,,,,,,,,,
122033,,市川市,南行徳第1駐輪場,ミナミギョウトクダイイチチュウリンジョウ,,,,,,122033,,千葉県市川市欠真間2丁目30,千葉県,市川市,欠真間2丁目,30,,35.67448481,139.9043529,,,,,,,,,,,,,,,,,,,,,,,,,,,,,,,,,,,,
122033,,市川市,南行徳第2駐輪場,ミナミギョウトクダイニチュウリンジョウ,,,,,,122033,,千葉県市川市相之川4丁目18,千葉県,市川市,相之川4丁目,18,,35.67403439,139.9038775,,,,,,,,,,,,,,,,,,,,,,,,,,,,,,,,,,,,
122033,,市川市,原木中山駐輪場,バラキナカヤマチュウリンジョウ,,,,,,122033,,千葉県市川市高谷1丁目264-3,千葉県,市川市,高谷1丁目,264-3,,35.70160775,139.940015,,,,,,,,,,,,,,,,,,,,,,,,,,,,,,,,,,,,
122033,,市川市,市川第1駐輪場,イチカワダイイチチュウリンジョウ,,,,,,122033,,千葉県市川市市川2丁目2326-2,千葉県,市川市,市川2丁目,2326-2,,35.72992716,139.9056512,,,,,,,,,,,,,,,,,,,,,,,,,,,,,,,,,,,,
122033,,市川市,市川第6駐輪場,イチカワダイロクチュウリンジョウ,,,,,,122033,,千葉県市川市市川1丁目553-4,千葉県,市川市,市川1丁目,553-4,,35.73091769,139.9073103,,,,,,,,,,,,,,,,,,,,,,,,,,,,,,,,,,,,
122033,,市川市,市川第8駐輪場,イチカワダイハチチュウリンジョウ,,,,,,122033,,千葉県市川市新田5丁目1242‐2,千葉県,市川市,新田5丁目,1242‐2,,35.72750789,139.9114856,,,,,,,,,,,,,,,,,,,,,,,,,,,,,,,,,,,,
122033,,市川市,八幡第2駐輪場,ヤワタダイニチュウリンジョウ,,,,,,122033,,千葉県市川市八幡1丁目3７-3,千葉県,市川市,八幡1丁目,3７-3,,35.71990511,139.9298153,,,,,,,,,,,,,,,,,,,,,,,,,,,,,,,,,,,,
122033,,市川市,八幡第4駐輪場,ヤワタダイヨンチュウリンジョウ,,,,,,122033,,千葉県市川市南八幡5丁目586,千葉県,市川市,南八幡5丁目,586,,35.72131552,139.9242682,,,,,,,,,,,,,,,,,,,,,,,,,,,,,,,,,,,,
122033,,市川市,八幡第5駐輪場,ヤワタダイゴチュウリンジョウ,,,,,,122033,,千葉県市川市南八幡4丁目165-8,千葉県,市川市,南八幡4丁目,165-8,,35.721106,139.925947,,,,,,,,,,,,,,,,,,,,,,,,,,,,,,,,,,,,
122033,,市川市,八幡第6駐輪場,ヤワタダイロクチュウリンジョウ,,,,,,122033,,千葉県市川市八幡4丁目1７66-2,千葉県,市川市,八幡4丁目,1７66-2,,35.72419559,139.9298204,,,,,,,,,,,,,,,,,,,,,,,,,,,,,,,,,,,,
122033,,市川市,八幡第7駐輪場,ヤワタダイナナチュウリンジョウ,,,,,,122033,,千葉県市川市八幡2丁目1７31-1,千葉県,市川市,八幡2丁目,1７31-1,,35.72288964,139.9285256,,,,,,,,,,,,,,,,,,,,,,,,,,,,,,,,,,,,
122033,,市川市,八幡第9駐輪場,ヤワタダイクチュウリンジョウ,,,,,,122033,,千葉県市川市八幡2丁目3391-2,千葉県,市川市,八幡2丁目,3391-2,,35.72161772,139.9297399,,,,,,,,,,,,,,,,,,,,,,,,,,,,,,,,,,,,
122033,,市川市,八幡第10駐輪場,ヤワタダイジュウチュウリンジョウ,,,,,,122033,,千葉県市川市八幡2丁目16７3‐16,千葉県,市川市,八幡2丁目,16７3‐16,,35.72193472,139.9278392,,,,,,,,,,,,,,,,,,,,,,,,,,,,,,,,,,,,
122033,,市川市,八幡第3地下駐輪場,ヤワタダイサンチカチュウリンジョウ,,,,,,122033,,千葉県市川市南八幡4丁目16７-2,千葉県,市川市,南八幡4丁目,16７-2,,35.72063784,139.9264449,,,,,,,,,,,,,,,,,,,,,,,,,,,,,,,,,,,,
122033,,市川市,菅野第1駐輪場,スガノダイイチチュウリンジョウ,,,,,,122033,,千葉県市川市菅野2丁目170-27,千葉県,市川市,菅野2丁目,170-27,,35.728614,139.919134,,,,,,,,,,,,,,,,,,,,,,,,,,,,,,,,,,,,
122033,,市川市,菅野第2駐輪場,スガノダイニチュウリンジョウ,,,,,,122033,,千葉県市川市平田2丁目271-12,千葉県,市川市,平田2丁目,271-12,,35.728222,139.919112,,,,,,,,,,,,,,,,,,,,,,,,,,,,,,,,,,,,
122033,,市川市,大野第2駐輪場,オオノダイニチュウリンジョウ,,,,,,122033,,千葉県市川市大野町2丁目272,千葉県,市川市,大野町2丁目,272,,35.75469569,139.9521942,,,,,,,,,,,,,,,,,,,,,,,,,,,,,,,,,,,,
122033,,市川市,大野第5駐輪場,オオノダイゴチュウリンジョウ,,,,,,122033,,千葉県市川市大野町2丁目2７1,千葉県,市川市,大野町2丁目,2７1,,35.75418247,139.9516295,,,,,,,,,,,,,,,,,,,,,,,,,,,,,,,,,,,,
122033,,市川市,行徳第3駐輪場,ギョウトクダイサンチュウリンジョウ,,,,,,122033,,千葉県市川市湊新田1丁目16-1,千葉県,市川市,湊新田1丁目,16-1,,35.68002411,139.9110526,,,,,,,,,,,,,,,,,,,,,,,,,,,,,,,,,,,,
122033,,市川市,南行徳第3駐輪場,ミナミギョウトクダイサンチュウリンジョウ,,,,,,122033,,千葉県市川市新井3丁目32,千葉県,市川市,新井3丁目,32,,35.6709178,139.9000858,,,,,,,,,,,,,,,,,,,,,,,,,,,,,,,,,,,,
122033,,市川市,南行徳第4駐輪場,ミナミギョウトクダイヨンチュウリンジョウ,,,,,,122033,,千葉県市川市南行徳1丁目15-4,千葉県,市川市,南行徳1丁目,15-4,,35.672291,139.903344,,,,,,,,,,,,,,,,,,,,,,,,,,,,,,,,,,,,
122033,,市川市,南行徳第5駐輪場,ミナミギョウトクダイゴチュウリンジョウ,,,,,,122033,,千葉県市川市相之川4丁目6-11,千葉県,市川市,相之川4丁目,6-11,,35.6737565,139.9011708,,,,,,,,,,,,,,,,,,,,,,,,,,,,,,,,,,,,
122033,,市川市,二俣新町第1駐輪場,フタマタシンマチダイイチチュウリンジョウ,,,,,,122033,,千葉県市川市二俣新町3-3,千葉県,市川市,二俣新町,3-3,,35.69187972,139.9608629,,,,,,,,,,,,,,,,,,,,,,,,,,,,,,,,,,,,
122033,,市川市,二俣新町第2駐輪場,フタマタシンマチダイニチュウリンジョウ,,,,,,122033,,千葉県市川市二俣新町3-4,千葉県,市川市,二俣新町,3-4,,35.69099092,139.9574474,,,,,,,,,,,,,,,,,,,,,,,,,,,,,,,,,,,,
122033,,市川市,市川塩浜第1駐輪場,イチカワシオハマダイイチチュウリンジョウ,,,,,,122033,,千葉県市川市塩浜2丁目1-1,千葉県,市川市,塩浜2丁目,1-1,,35.66818883,139.9242631,,,,,,,,,,,,,,,,,,,,,,,,,,,,,,,,,,,,
122033,,市川市,市川塩浜第2駐輪場,イチカワシオハマダイニチュウリンジョウ,,,,,,122033,,千葉県市川市塩浜2丁目1-７,千葉県,市川市,塩浜2丁目,1-７,,35.6645758,139.9222709,,,,,,,,,,,,,,,,,,,,,,,,,,,,,,,,,,,,
122033,,市川市,北国分駐輪場,キタコクブンチュウリンジョウ,,,,,,122033,,"千葉県市川市堀之内3丁目3,213-1",千葉県,市川市,堀之内3丁目,"3,213-1",,35.762579,139.915301,,,,,,,,,,,,,,,,,,,,,,,,,,,,,,,,,,,,
122033,,市川市,国分高校バス停駐輪場,コクブンコウコウバステイチュウリンジョウ,,,,,,122033,,千葉県市川市稲越町308,千葉県,市川市,稲越町,308,,35.75286,139.9284728,,,,,,,,,,,,,,,,,,,,,,,,,,,,,,,,,,,,
122033,,市川市,クリーンセンター,クリーンセンター,,,,,,122033,,千葉県市川市田尻1003,千葉県,市川市,田尻,1003,,35.6882975,139.942846,,,(047)327-0288,,,,,,,,,,,,,,,,,,,,,,,,,,,,,,http://www.city.ichikawa.lg.jp/catpage/cat_00000540.html,,,
122033,,市川市,衛生処理場,エイセイショリジョウ,,,,,,122033,,千葉県市川市二俣新町15,千葉県,市川市,二俣新町,15,,35.68794967,139.9609451,,,(047)328-2326,,,,,,,,,,,,,,,,,,,,,,,,,,,,,,http://www.city.ichikawa.lg.jp/env08/1542000001.html,,,
122033,,市川市,終末処理場,シュウマツショリジョウ,,,,,,122033,,千葉県市川市東菅野2丁目23-1,千葉県,市川市,東菅野2丁目,23-1,,35.73555441,139.9277558,,,(047)325-0144,,,,,,,,,,,,,,,,,,,,,,,,,,,,,,,,,
122033,,市川市,柏井町３丁目ふれあい農園,カシワイマチ３チョウメフレアイノウエン,,,,,,122033,,千葉県市川市柏井町3丁目134-1,千葉県,市川市,柏井町3丁目,134-1,,35.74865123,139.9595274,,,(047)711-1141,,,,,,,,,,,,,,,,,,,,,,,,,,,,,,http://www.city.ichikawa.lg.jp/res08/1111000019.html,,,
122033,,市川市,地方卸売市場,チホウオロシウリイチバ,,,,,,122033,,千葉県市川市鬼高4丁目5-1,千葉県,市川市,鬼高4丁目,5-1,,35.71032494,139.9285557,,,(047)712-8411,,,,,,,,,,,,,,,,,,,,,,,,,,,,,,http://www.city.ichikawa.lg.jp/eco03/1111000001.html,,,
122033,,市川市,若宮市民農園,ワカミヤシミンノウエン,,,,,,122033,,千葉県市川市若宮2丁目115-5他,千葉県,市川市,若宮2丁目,115-5,他,35.72073973,139.9550879,,,(047)711-1141,,,,,,,,,,,,,,,,,,,,,,,,,,,,,,http://www.city.ichikawa.lg.jp/eco02/1111000015.html,,,
122033,,市川市,信篤市民農園,シントクシミンノウエン,,,,,,122033,,千葉県市川市原木2丁目1581-1他,千葉県,市川市,原木2丁目,1581-1,他,35.70038126,139.9463896,,,(047)711-1141,,,,,,,,,,,,,,,,,,,,,,,,,,,,,,http://www.city.ichikawa.lg.jp/eco02/1111000018.html,,,
122033,,市川市,東国分１丁目市民農園,ヒガシコクブン１チョウメシミンノウエン,,,,,,122033,,千葉県市川市東国分1丁目1605-1他,千葉県,市川市,東国分1丁目,1605-1,他,35.74323797,139.9230505,,,(047)711-1141,,,,,,,,,,,,,,,,,,,,,,,,,,,,,,http://www.city.ichikawa.lg.jp/eco02/1111000010.html,,,
122033,,市川市,大野町２丁目市民農園,オオノマチ２チョウメシミンノウエン,,,,,,122033,,千葉県市川市大野町2丁目92７-1他,千葉県,市川市,大野町2丁目,92７-1,他,35.74957971,139.9489187,,,(047)711-1141,,,,,,,,,,,,,,,,,,,,,,,,,,,,,,http://www.city.ichikawa.lg.jp/eco02/1111000011.html,,,
122033,,市川市,柏井町２丁目市民農園,カシワイマチニチョウメシミンノウエン,,,,,,122033,,千葉県市川市柏井町2丁目886-1,千葉県,市川市,柏井町2丁目,886-1,,35.7459347,139.9694386,,,(047)711-1141,,,,,,,,,,,,,,,,,,,,,,,,,,,,,,http://www.city.ichikawa.lg.jp/res08/1111000029.html,,,
