全国地方公共団体コード,法人番号,ID,地方公共団体名,名称,名称_カナ,名称_英語,POIコード,所在地_全国地方公共団体コード,町字ID,所在地_連結表記,所在地_都道府県,所在地_市区町村,所在地_町字,所在地_番地以下,建物名等(方書),緯度,経度,高度の種別,高度の値,利用可能曜日,開始時間,終了時間,利用可能日時特記事項,料金(基本),料金(詳細),説明,説明_英語,アクセス方法,駐車場情報,車椅子可,車椅子貸出,ツエ貸出,バリアフリートイレ,スロープ、エレベータ、エスカレータ,点字ブロック等の移動支援,点字や読上による支援,盲導犬・介助犬、聴導犬同伴,字幕,筆談対応,優先駐車場,オストメイト対応トイレ,授乳室,おむつ替えコーナー,飲食可否,ベビーカー貸出,ベビーカー利用,連絡先名称,連絡先電話番号,連絡先内線番号,連絡先メールアドレス,連絡先FormURL,連絡先備考（その他、SNSなど）,郵便番号,画像,画像2,画像_ライセンス,URL,備考
122033,,1,市川市,江戸川,エドガワ,Edogawa river,,122033,,千葉県市川市,千葉県,市川市,,,,35.73823992,139.9016091,,,,,,,,,四季折々の川面の風情と景観を楽しむことができる。散歩やサイクリングを通して、多くの市民から愛される憩いの場。,You can enjoy the different river atmosphere and landscapes of the four seasons. A place of recreation and relaxation for citizens.,,,,,,,,,,,,,,,,,,,,,,,,,,,ATTACH/f93ec216-5e9b-4be6-a063-7d37bd4bbebc.jpg,ATTACH\a7a2e74a-ee87-4094-829f-bd1c18f57cb6.jpg,,,自然
122033,,2,市川市,江戸川からの眺め,エドガワカラノナガメ,The View From Edogawa River,,122033,,千葉県市川市,千葉県,市川市,,,,35.73107271,139.8978529,,,,,,,,,遠く富士山や丹沢山地が望め、夕日とスカイツリーは絶景。,"You can enjoy Mt. Fuji and Tanzawa Sanchi Mountains. At sunset,the view of Skytree is stunning.",JR 市川駅、京成線国府台駅、東西線妙典駅,,,,,,,,,,,,,,,,,,,,,,,,,,ATTACH/c88863cd-40ef-4f26-9b26-137e76b6321b.JPG,ATTACH\84a1f5fe-6ccb-4333-8c3f-b30faee69fc3.JPG,,,まち並み
122033,,3,市川市,江戸川に架かる橋からの眺め,エドガワニカカルハシカラノナガメ,The View From Bridges over the Edogawa River,,122033,,千葉県市川市,千葉県,市川市,,,,35.71007811,139.9152765,,,,,,,,,釣り船とボート、木々の緑、夕景など橋を渡る人々それぞれが素晴らしい景色を見ることができる。,"People crossing the bridges over Edogawa River can see wonderful scenery such as fishing boats, the green trees and the setting sun.",場所:市川橋、江戸川大橋、行徳橋、新行徳橋、市川大橋,,,,,,,,,,,,,,,,,,,,,,,,,,ATTACH/b209dcff-a0a1-4d4e-8bed-100298378c21.jpg,ATTACH\c073d9cf-d0db-431c-aba4-18cd2c542c72.JPG,,,まち並み
122033,,4,市川市,市民納涼花火大会,シミンノウリョウハナビタイカイ,Citizens' Summer Evening Fireworks Festival,,122033,,千葉県市川市市川南4丁目地先,千葉県,市川市,市川南4丁目,,地先,35.72205927,139.9024359,,,,,,,,,夏の夜空を彩る約1 万4 千発のビッグイベント。毎年8 月第1 土曜日開催。,"A big event in which 14,000 fireworks light up the summer night sky. It is held on the first Saturday in August every year.",JR 市川駅　徒歩15 分,,,,,,,,,,,,,,,,,,,,,,,,,,ATTACH/9732ee22-925f-4398-9c53-5a3ee0b3812c.jpg,ATTACH\e9e93785-b746-490e-8b4c-d9ade38b986b.jpg,,http://www.ichikawa-hanabi.jp/,生活風景
122033,,5,市川市,江戸川沿いの桜並木,エドガワゾイノサクラナミキ,Cherry blossoms and trees along the coast of Edogawa,,122033,,千葉県市川市,千葉県,市川市,,,,35.69735255,139.9295309,,,,,,,,,市川南地先に約４０本、妙典地先に約５０本、国府台地先に約３０本あり、「市民参加型のさくらオーナー制度」により管理している。,"About 40 cherry tress in Ichikawa Minami area, 50 in Myoden area and 30 in Konodai area are managed under the Citizens Ownership System.",,,,,,,,,,,,,,,,,,,,,,,,,,,ATTACH\81dfd450-33fc-4430-ae0e-149346e2d916.jpg,,,,自然、まち並み
122033,,6,市川市,大町周辺の森,オオマチシュウヘンノモリ,The forest around Ohmachi,,122033,,千葉県市川市大町地先,千葉県,市川市,大町,,地先,35.77436956,139.9668043,,,,,,,,,都市に残る自然景観。スギやヒノキなどの森。この森を活動拠点としている「わんぱくの森の会」及び「大町教育の森の会」は第5回市川市景観賞受賞。,"The natural landscape left in the city. Forests of cedar and cypress. ""Wanpaku Forest Association"" and ""Omachi Education Forest Association"" are based in these forests and won the Fifth Ichikawa City Landscape Award.",,,,,,,,,,,,,,,,,,,,,,,,,,,ATTACH\7a9613f7-349f-4788-a053-57eff6e9ad44.JPG,,,,自然
122033,,7,市川市,大町梨街道,オオマチナシカイドウ,Ohmachi pears street,,122033,,千葉県市川市大町地先,千葉県,市川市,大町,,地先,35.77222071,139.9678242,,,,,,,,,約50軒もの梨屋が軒を連ね、街道にはためくのぼり旗は、市川市の夏の風物詩となっている。,The street is lined with about 50 pear stands. The scenery of many flags of pear stand waving on the street has become summer tradition of Ichikawa.,北総線大町駅　国道464号線沿い,,,,,,,,,,,,,,,,,,,,,,,,,,ATTACH\925545bf-ecee-4e9e-a700-0015ff1b5857.JPG,,,,まち並み、生活風景
122033,,8,市川市,梨畑と梨作りの風景,ナシバタケトナシヅクリノフウケイ,View of Pear Fields and Pear Gowers at Work,,122033,,千葉県市川市大町地先,千葉県,市川市,大町,,地先,35.76963881,139.9657955,,,,,,,,,梨は江戸時代から続く市川の代表的な特産物。5 月に白い花が棚一面に咲き誇り、上から眺めると白い絨毯のよう。,"Pear is a representative specialty of Ichikawa since the Edo period. In May white flowers are in full bloom on the shelf, looking like a white carpet from above.",北総線大町駅　徒歩10分（大野町、大町周辺）,,,,,,,,,,,,,,,,,,,,,,,,,,ATTACH\6d14bf89-8075-4e80-bc0d-cc807af9c976.jpg,,,,自然、生活風景
122033,,9,市川市,大町自然観察園,オオマチシゼンカンサツエン,Ohmachi Nature observation Park,,122033,,千葉県市川市大町284,千葉県,市川市,大町,284,,35.7669497,139.9689887,,,,,,,,,谷津の地形や湧水を活かした公園。7 月下旬? 8 月上旬がホタル、春秋のバラ、晩秋のモミジが見所。（入場無料、有料P あり）,"A park that takes advantage of Yatsu terrain and springs. Fireflies Between late July and  early August, roses in spring and autumn, and maples in late autumn are worth seeing. (Admissions free, Parking Available)",北総線大町駅下車徒歩5分。ＪＲ本八幡駅、市川大野駅　バス　動植物園下車徒歩3 分,,,,,,,,,,,,,,,,,,,,,,,,,,ATTACH/a85b4455-1f1d-4f08-b65a-c0d767bdb4cf.JPG,ATTACH/c8780af4-a37d-47b0-8d0b-4348240571d7.JPG,,https://www.city.ichikawa.lg.jp/env02/1111000111.html,自然
122033,,10,市川市,動植物園,ドウショクブツエン,Animal and botanical garden,,122033,,千葉県市川市大町284,千葉県,市川市,大町,284,,35.76383322,139.9658306,,,,,,,,,小動物とのふれあいがテーマの動物園。レッサーパンダやスマトラオランウータン、流しカワウソが人気（入場有料、有料P あり）。隣接した観賞植物園では熱帯植物や多肉植物も（観賞植,"A zoo with the theme of contact with small animals. Red pandas, Sumatran orangutans and flowing otters are very popular (Admission-charged, parking available). There are also tropical plants and succulent plants (ornamental plants) in adjacent Botanical Garden.",ＪＲ本八幡駅、市川大野駅　バス　動植物園下車,,,,,,,,,,,,,,,,,,,,047-338-1960,,,,,,ATTACH/c2714595-c8e0-49af-98e4-a7271904b219.JPG,ATTACH\8250a9c9-8077-4d9d-a745-046e42180ca8.JPG,,http://www.city.ichikawa.lg.jp/zoo/,まち並み
122033,,11,市川市,市川霊園とイチョウ並木,イチカワレイエントイチョウナミキ,Ichikawa Cemetery and Ginkgo trees,,122033,,千葉県市川市大野町4丁目2481,千葉県,市川市,大野町4丁目,2481,,35.76050167,139.9722026,,,,,,,,,全長約1km にわたって続く並木。12 月初旬頃に紅葉が見ごろとなる。春には桜も見もの。,A total length of about 1 km of row of gingko trees. Autumn leaves are at their best in the beginning of December. The cherry blossoms in spring are also worth seeing.,ＪＲ市川大野駅　バス（柏井車庫行）市営霊園下車,,,,,,,,,,,,,,,,,,,,,,,,,,ATTACH\0956dc40-86e7-4c38-8f29-7d4e072aa376.jpg,,,,自然
122033,,12,市川市,歴史博物館,レキシハクブツカン,Museum of History,,122033,,千葉県市川市堀之内2丁目27-1,千葉県,市川市,堀之内2丁目,27-1,,35.75966288,139.9116617,,,,,,,,,中世から近代までの資料を展示。( 入館無料、Ｐあり）※特別展は有料の場合あり,"Exhibits cover the Middle Ages to Modern Era. (Admission free, except for special events. Parking available.)",北総線北国分駅　徒歩8 分,,,,,,,,,,,,,,,,,,,,047-373-6351,,,,,,ATTACH\8ce38dec-ae35-444d-8508-8c814406122b.JPG,,,https://www.city.ichikawa.lg.jp/catpage/shisei-history.html,まち並み
122033,,13,市川市,小塚山公園,コヅカヤマコウエン,Kozukayama Koen Park,,122033,,千葉県市川市北国分1丁目26,千葉県,市川市,北国分1丁目,26,,35.7580213,139.9074861,,,,,,,,,住宅街の中に緑があり、隣接してアスレチックもある。週末の晴れた日には多くの人が集まり賑わう。,Located in a residential area and provides a precious green space. Features an outdoor recreation and adventure course.,北総線北国分駅　徒歩13 分,,,,,,,,,,,,,,,,,,,管理事務所,047-373-9834,,,,,,ATTACH\50a6cc57-17d7-4ae2-8fa8-359eaaea8f5b.JPG,,,http://www.city.ichikawa.lg.jp/gre04/1511000004.html,自然、まち並み
122033,,14,市川市,国分川鯉のぼりフェティバル,コクブガワコイノボリフェティバル,Kokubu Koinobori Carp Streamer Festival,,122033,,千葉県市川市東国分3丁目9,千葉県,市川市,東国分3丁目,9,,35.75204085,139.9216613,,,,,,,,,毎年ゴールデンウィークに開催。５００以上の鯉のぼりが大空を泳ぐ姿は一見の価値あり。第７回市川市景観賞受賞。,Held on Golden Week every year. More than 500 carp flags swimming in the sky is worth seeing. Won the Seventh Ichikawa Landscape Award.,ＪＲ市川駅北口　バス　国分操車場下車　徒歩２分,,,,,,,,,,,,,,,,,,,,,,,,,,ATTACH\1d7fdd61-2d17-48e1-af9a-738811b41ffd.jpg,,,,生活風景
122033,,15,市川市,じゅん菜池緑地,ジュンサイイケリョクチ,Junsai-Ike Pond Park,,122033,,千葉県市川市中国分4丁目27,千葉県,市川市,中国分4丁目,27,,35.75133743,139.906351,,,,,,,,,四季折々の自然の姿に触れられる憩いの場所。春の「梅祭り」では野点も。（P あり）　,"A resting place where you can experience nature season to season. At the Plum Festival held in spring, you can enjoy open-air tea ceremony. (Parking Available.)",ＪＲ市川駅北口　バス　じゅん菜池下車,,,,,,,,,,,,,,,,,,,管理事務所,047-371-1254,,,,,,ATTACH/31c7f70d-bf13-4e44-87c0-d4420353a28c.jpg,ATTACH/b4e64382-d613-4460-8a11-30206410edde.jpg,,http://www.city.ichikawa.lg.jp/gre04/1521000002.html,自然、まち並み
122033,,16,市川市,弁天池公園,ベンテンイケコウエン,Bentenike Pond Park,,122033,,千葉県市川市曽谷2丁目33,千葉県,市川市,曽谷2丁目,33,,35.74924293,139.9366625,,,,,,,,,池の真ん中にある島には祠があり、橋で渡れる。遊具広場には、ジャングルジムや藤棚がある。,"There is a small shrine on the island in the middle of the pond, to which you can access by a bridge. There are jungle gym and wisteria trellis at the playground..",JR市川駅北口　バス曽谷郵便局下車　徒歩5分,,,,,,,,,,,,,,,,,,,,,,,,,,ATTACH\2e7905b3-8f87-4238-b1cd-bcd4813165c7.JPG,,,http://www.city.ichikawa.lg.jp/gre04/1531000004.html,まち並み
122033,,17,市川市,万葉植物園,マンヨウショクブツエン,Man'yo Botanical Garden,,122033,,千葉県市川市大野町2丁目1857,千葉県,市川市,大野町2丁目,1857,,35.75320921,139.9527395,,,,,,,,,万葉集に詠まれている植物を和歌とともに展示。（入場無料）,"Exhibits plants depicted in the poems of Man'yoshu, an ancient poetry book, together with the texts of those poems. (Admission free.) 047-337-9866",ＪＲ市川大野駅　徒歩5 分,,,,,,,,,,,,,,,,,,,管理事務所,047-337-9866,,,,,,ATTACH\bac4449a-eced-4da5-aa02-ab7e2a6145f0.JPG,,,http://www.city.ichikawa.lg.jp/gre04/1511000002.html,まち並み
122033,,18,市川市,里見公園,サトミコウエン,Satomi Koen Park,,122033,,千葉県市川市国府台3丁目9,千葉県,市川市,国府台3丁目,9,,35.74757931,139.8988917,,,,,,,,,安房の里見氏と小田原北条氏の古戦場。緑と桜が見事な景色を織りなす憩いの公園。毎年3月下旬「桜まつり」開催。（Ｐあり）,An ancient battlefield. A rest park with beautiful scenery intertwined with green and cherry blossoms. The Cherry Blossom Festival is held in late March every year. (Parking available.),ＪＲ市川駅北口　バス　国立病院下車　徒歩3 分,,,,,,,,,,,,,,,,,,,管理事務所,047-372-0062,,,,,,ATTACH\b26421aa-131f-4c4f-8c89-f7a35600966a.jpg,ATTACH/e70d47fa-0ca9-4c18-b671-9281dff6ea86.JPG,,http://www.city.ichikawa.lg.jp/gre04/1111000001.html,自然、まち並み
122033,,19,市川市,里見公園からの東京・江戸川の眺め,サトミコウエンカラノトウキョウ・エドガワノナガメ,View of Tokyo and Edogawa River from Satomi Koen Park,,122033,,千葉県市川市国府台3丁目9,千葉県,市川市,国府台3丁目,9,,35.74839822,139.8979329,,,,,,,,,そばを流れる江戸川や東京スカイツリー、富士山の眺めが朝焼け・夕焼けともに楽しめる。,"The scenery of Edogawa, Tokyo Skytree and Mt. Fuji can all be enjoyed in the morning and sunset.",,,,,,,,,,,,,,,,,,,,,,,,,,,ATTACH\da13b72c-e6f1-4a27-b630-d51aa6e96905.jpg,ATTACH/10530cf9-9a40-411b-98e1-45578c32f008.jpg,,,まち並み、歴史・文化
122033,,20,市川市,国府台斜面緑地,コウノダイシャメンリョクチ,Konodai Sloping Green Space,,122033,,千葉県市川市国府台3丁目9,千葉県,市川市,国府台3丁目,9,,35.74661046,139.8989347,,,,,,,,,千葉県の玄関口としての「緑のシンボル」。江戸川区側からの眺めが安らぎを与える。,"As the ""green symbol"" of the porch in Chiba prefecture, it gives people peace from Edogawa Ward.",,,,,,,,,,,,,,,,,,,,,,,,,,,ATTACH/4006dd55-fdc5-4b96-bbe6-afe484e47169.JPG,ATTACH\98c8112c-2244-447a-81fb-af904d5aa7f8.jpg,,,自然
122033,,21,市川市,和洋学園のラウンジからの眺め,ワヨウガクエンノラウンジカラノナガメ,View from the lounge of Wayo University,,122033,,千葉県市川市国府台2丁目3-1,千葉県,市川市,国府台2丁目,3-1,,35.74375673,139.9044891,,,,,,,,,斜面緑地と調和する色彩の外観が特徴。18階ラウンジからは江戸川が間近に見下ろせる。,The lounge on the 18th floor offers a close view of Edogawa. The lounge is available to the visitors of Culture Museum.,ＪＲ市川駅北口　バス　真間山下下車,,,,,,,,,,,,,,,,,,,,,,,,,,ATTACH\83d50498-5898-434f-90ee-5b916ebf7ef5.JPG,,,,まち並み
122033,,22,市川市,下総国分寺周辺,シモウサコクブンジシュウヘン,The Neighborhood o Kazusakokubuji-temple,,122033,,千葉県市川市国分3丁目20-1,千葉県,市川市,国分3丁目,20-1,,35.74348739,139.9166287,,,,,,,,,天平13 年（741 年）聖武天皇の命令によって建立された下総国分僧寺跡。（国史跡）,"National historic site of Shimosa Kokubun Monks Temple built in 741 by order of Emperor Shomu, ",ＪＲ市川駅北口バス　国分下車　徒歩5 分,,,,,,,,,,,,,,,,,,,,047-371-7221,,,,,,ATTACH\c0c0a8c6-191b-47e1-8380-d66289eb0a13.JPG,,,http://www.city.ichikawa.lg.jp/edu09/1541000004.html,歴史・文化
122033,,23,市川市,曽谷の高台からの眺め,ソヤノタカダイカラノナガメ,View from the higher ground of Soya area,,122033,,千葉県市川市曽谷2丁目地先,千葉県,市川市,曽谷2丁目,,地先,35.74915298,139.9350877,,,,,,,,,夕日と富士山と東京スカイツリーが一直線に並ぶカメラマン必見の眺望。,"The setting sun, Mt. Fuji and Tokyo Skytree are lined up in a row, which is a must-see scenery for photographers.",,,,,,,,,,,,,,,,,,,,,,,,,,,ATTACH\4f59be1c-b524-4549-af2c-ae7810ffa9b7.JPG,,,,まち並み
122033,,24,市川市,曽谷小学校前の桜並木,ソヤショウガッコウマエノサクラナミキ,Cherry Blossom Road in front of Soya Elementary School,,122033,,千葉県市川市曽谷7丁目18-1,千葉県,市川市,曽谷7丁目,18-1,,35.74735247,139.9272446,,,,,,,,,南北に約600m 続く並木。毎年4 月上旬「桜祭り」開催。,Approx. 600 m in the total length. The Cherry Blossom Festival is held in early April every year.,ＪＲ市川駅北口　バス　曽谷公民館下車　徒歩５分,,,,,,,,,,,,,,,,,,,,,,,,,,ATTACH\64cf6a61-e035-417a-811a-5986276452ab.JPG,,,,自然、まち並み
122033,,25,市川市,曽谷貝塚,ソヤカイヅカ,Soya Kaizuka Shell Mound,,122033,,千葉県市川市曽谷2丁目15,千葉県,市川市,曽谷2丁目,15,,35.74741326,139.9350607,,,,,,,,,表層が貝殻に覆われている馬蹄形（U 字型）の貝塚では最大級。（国史跡）10 月に「縄文祭り」開催。,"The largest horseshoe-shaped shell mound in Japan which was formed in the late Jomon Period. (A national historc site) The ""Jomon Festival"" is held in October.",Ｊ Ｒ 本八幡駅北口　バス曽谷下車　徒歩10 分,,,,,,,,,,,,,,,,,,,,,,,,,,ATTACH\1e45d7de-4a9f-4045-9be3-4a6102f2ccb2.jpg,,,http://www.city.ichikawa.lg.jp/edu09/1511000005.html,歴史・文化
122033,,26,市川市,春日神社と周辺の街並み,カスガジンジャトシュウヘンノマチナミ,Kasugajinjya Shrine and the surrounding streets,,122033,,千葉県市川市曽谷2丁目7-5,千葉県,市川市,曽谷2丁目,7-5,,35.74551954,139.9357066,,,,,,,,,境内に江戸時代の道六神を納めた祠のある古社。周辺には藁葺き屋根の家が点在するなど落ち着いた風情ある景観。,An old shrine enshrines Dourokujin God of Edo period. Calm scenery of houses with straw roofs scattering around them.,ＪＲ市川駅北口バス　曽谷郵便局下車,,,,,,,,,,,,,,,,,,,,,,,,,,ATTACH\71eec8b3-74e6-4ece-a8b4-697b919fdc16.JPG,,,,歴史・文化、まち並み
122033,,27,市川市,こざと公園周辺,コザトコウエンシュウヘン,Kozato Koen Park and its surroundings,,122033,,千葉県市川市南大野2丁目5、-6,千葉県,市川市,南大野2丁目,5、-6,,35.7443615,139.9518876,,,,,,,,,全長約300m の調整池として造られ、周囲は散策路となっている。多くの鳥類が集まる街なかのオアシス。,Built as a regulating reservoir. Its surroundings are walking path. An oasis on the street where many birds gather.,ＪＲ市川大野駅北口バス大柏出張所下車,,,,,,,,,,,,,,,,,,,,,,,,,,ATTACH\e93eb743-cfce-4570-9a4f-5862902f41ad.jpg,,,,まち並み
122033,,28,市川市,市川パークハイツと周辺の緑,イチカワパークハイツトシュウヘンノミドリ,"""Ichikawa Park Heights"", the appartment, and the surrounding green",,122033,,千葉県市川市南大野2丁目3-3,千葉県,市川市,南大野2丁目,3-3,,35.74581028,139.9531914,,,,,,,,,建物の周囲には緑道があり、見上げるほどの大きなケヤキがある。,"There is a greenway around the building, and there is a huge zelkova tree.",,,,,,,,,,,,,,,,,,,,,,,,,,,ATTACH\000b0cdc-3ffc-4ea2-bc2b-ffd167a31e43.JPG,,,,自然、まち並み
122033,,29,市川市,南大野1丁目の街並み,ミナミオオノイッチョウメノマチナミ,The cityscape of Minami-Ono 1chome,,122033,,千葉県市川市南大野1丁目地先,千葉県,市川市,南大野1丁目,,地先,35.74395357,139.9510487,,,,,,,,,四季折々の草花とイチョウやカツラの街路樹に囲まれた街並みのコラボレーションが魅力的。,"The cityscape surrounded by flowers of four seasons, gingko trees, and Katsura treees is fascinating.",,,,,,,,,,,,,,,,,,,,,,,,,,,ATTACH\4de6a777-7b07-413e-9d64-c4dae7991fe1.JPG,,,,自然、まち並み
122033,,30,市川市,姥山貝塚公園,ウバヤマカイヅカコウエン,Ubayama Kaizuka Shell Mound,,122033,,千葉県市川市柏井町1丁目1207,千葉県,市川市,柏井町1丁目,1207,,35.73736119,139.9653749,,,,,,,,,縄文時代中期（ 約4500 年前）?後期（約3000 年前）の大規模な馬蹄形（U 字型）貝塚。初めて当時の竪穴住居が完全な形で発見された。（国史跡、P あり）,"Large-scale horseshoe-shaped (U-shaped) shell mound built between mid to late Jomon period. The pit house at that time was found in complete form for the first time. (National historical site, parking available)",ＪＲ下総中山駅　バス　姥山貝塚公園入口下車　徒歩5 分,,,,,,,,,,,,,,,,,,,,,,,,,,ATTACH\04809c76-1660-47fa-8df6-621e90be3c73.JPG,,,http://www.city.ichikawa.lg.jp/gre04/1111000004.html,まち並み
122033,,31,市川市,大柏川と桜並木,オオカシワガワトサクラナミキ,Ogashiwa-Gawa River and row of cherry trees,,122033,,千葉県市川市,千葉県,市川市,,,,35.74178085,139.9540433,,,,,,,,,春から秋にかけて桜並木とともに、野の花を楽しめる。,"From spring to autumn, together with the cherry trees along Ogashiwa-Gawa River, you can enjoy the wild flowers.",,,,,,,,,,,,,,,,,,,,,,,,,,,ATTACH\674fa60f-cf50-4753-a44e-c42fb312c8aa.JPG,,,,自然、まち並み
122033,,32,市川市,市民プール,シミンプール,Public Swimming Pool,,122033,,千葉県市川市北方町4丁目2270-3,千葉県,市川市,北方町4丁目,2270-3,,35.7347062,139.953671,,,,,,,,,東京スカイツリーから富士山まで見渡せる夏の憩いの場。流水プール、子供プール（滑り台付）などがある。,"You can have a veiw of Tokyo Skytree and Mt. Fuji. There are running water swimming pool, children's swimming pool (with slide) and so on.",JR本八幡駅北口　バス 大野中央病院下車　徒歩5分,,,,,,,,,,,,,,,,,,,,,,,,,,ATTACH\a9cca731-f2c7-4535-b046-586948957be5.JPG,,,,まち並み
122033,,33,市川市,大柏川第一調節池緑地,オオカシワガワダイイチチョウセツイケリョクチ,The First Ogashiwa-Gawa River Regulating Reservoir and green space,,122033,,千葉県市川市北方町4丁目1444-59,千葉県,市川市,北方町4丁目,1444-59,,35.73581324,139.9504447,,,,,,,,,洪水対策を目的に、かつての北方の自然を復元し、多様な動植物の生育環境を管理する調節池。年間100種類以上の野鳥が飛来。当調節池を活動拠点にしているぼっけ生きもの倶楽部は第6回?,Built for the purpose of flood control. It restores the former nature of the northern part of the city and manages growing environment for variety of animals and plants. More than 100 species of wild birds fly in every year. ,JR本八幡駅北口　バス大野中央病院下車　徒歩3分,,,,,,,,,,,,,,,,,,,管理事務所,047-337-7111,,,,,,ATTACH/93cf3a38-628a-4ad4-9b07-86d1f391fb63.JPG,ATTACH\9e416ec7-b51f-40a6-80cf-72f443ef38df.jpg,,http://www.city.ichikawa.lg.jp/gre05/1111000012.html,自然
122033,,34,市川市,北方小学校からの眺め,キタカタショウガッコウカラノナガメ,View from Kitakata Elementary School,,122033,,千葉県市川市北方町4丁目1356-1,千葉県,市川市,北方町4丁目,1356-1,,35.73252232,139.9455993,,,,,,,,,子之神社の緑や、春には桜並木が見渡せる。,The trees of Neno Jinja Shrine and row of cherry trees in spring can be seen from here.,JR 本八幡駅北口　バス　本北方一丁目下車　徒歩3 分,,,,,,,,,,,,,,,,,,,,,,,,,,ATTACH\ffed8d8e-4382-4a66-b98a-14c8820f222c.jpg,,,,まち並み
122033,,35,市川市,子之神社,ネノジンジャ,Neno Jinjya shrine,,122033,,千葉県市川市北方3丁目17-23,千葉県,市川市,北方3丁目,17-23,,35.72490853,139.9446863,,,,,,,,,ムクノキやコナラなどの樹木に囲まれ、高い石階段を登ると市内を見渡せる。,"Surrounded by trees such as muku trees and English oak, You can climb high stone stairs and look around the city.",JR 本八幡駅北口　バス　本北方一丁目下車　徒歩3 分,,,,,,,,,,,,,,,,,,,,,,,,,,ATTACH\c8634a35-4a8a-41b4-8dd2-db09f6fddccd.jpg,,,,歴史・文化
122033,,36,市川市,東山魁夷記念館,ヒガシヤマカイイキネンカン,Higashiyama Kaii Memorial Hall,,122033,,千葉県市川市中山1丁目16-2,千葉県,市川市,中山1丁目,16-2,,35.72278277,139.9464741,,,,,,,,,日本画の巨匠・東山魁夷画伯の作品を常設展示。かつて画伯が留学していた ドイツを思わせる、八角形の塔のある西洋風の外観。（入館有料、P あり）,"The works of painter Kaii Higashiyama, a master of Japanese painting, are on permanent display. The western-style appearance of octagonal towers is reminiscent of Germany, where painters once studied. (Admission fee, parking available.)",JR 下総中山駅北口徒歩20 分,,,,,,,,,,,,,,,,,,,,047-333-2011,,,,,,ATTACH\bb55f01e-ec9b-44d7-bccd-b90b526ec4e0.jpg,,,http://www.city.ichikawa.lg.jp/higashiyama/,まち並み
122033,,37,市川市,中山法華経寺,ナカヤマホケキョウジ,Nakayama Hokekyoji Temple,,122033,,千葉県市川市中山2丁目10-1,千葉県,市川市,中山2丁目,10-1,,35.72061075,139.949289,,,,,,,,,日蓮聖人が説法を行った日蓮宗最古の大本山。五重塔をはじめ国宝・重要文化財多数あり。,The headquarters of the Nichiren-Shu sect of Buddhism. The temple has many important cultural assets and features a five-storied pagoda.,JR 下総中山駅北口徒歩10 分,,,,,,,,,,,,,,,,,,,,,,,,,,ATTACH/6b9396cc-ffeb-43a3-b7e0-7022e7658754.JPG,ATTACH/b613cab4-dc37-4628-8a7f-013830eb6d65.jpg,,http://www.city.ichikawa.lg.jp/edu09/1111000052.html,歴史・文化
122033,,38,市川市,中山参道と商店街,ナカヤマサンドウトショウテンガイ,Stores along Nakayama Sando Appoach Way,,122033,,千葉県市川市中山4丁目地先,千葉県,市川市,中山4丁目,,地先,35.71800247,139.9465901,,,,,,,,,古くからの寺町として落ち着いた面影を残している。店舗や住宅の修景整備などが行われた。,The district retains the tranquil atmosphere of a temple town. The repairs to the shops and houses have been completed.,JR 下総中山駅北口徒歩10 分,,,,,,,,,,,,,,,,,,,,,,,,,,ATTACH\671dae61-306c-4057-bf06-ebf0a942cda0.jpg,ATTACH/93c35302-7200-43d1-b8a8-be9ab670e9c3.JPG,,https://www.city.ichikawa.lg.jp/cit09/1111000034.html,まち並み、生活風景
122033,,39,市川市,花の道オアシス（若宮）周辺,ハナノミチオアシス（ワカミヤ）シュウヘン,The Flower Steet Oasis and the nearby area,,122033,,千葉県市川市若宮1丁目12-2,千葉県,市川市,若宮1丁目,12-2,,35.71920006,139.9518155,,,,,,,,,周囲の景観に配慮したお休み処。手づくりの庭があり、行き交う人々の安らぎの場である。「花の道オアシス」は第7回市川市景観賞受賞。,"A caf? which blends in with surrounding landscape. There is a handmade courtyard, which is a peaceful place for people coming and going. ""Flower Street Oasis"" won the Seventh Ichikawa Landscape Award.",,,,,,,,,,,,,,,,,,,,,047?335?6481,,,,,,ATTACH\54d8f50d-e42c-4d01-94c0-fa7a8a2050c7.JPG,,,,自然、まち並み、生活風景
122033,,40,市川市,高圓寺と藤まつり,コウエンジトフジマツリ,Koenji Temple and Fuji Festival,,122033,,千葉県市川市宮久保4丁目5-1,千葉県,市川市,宮久保4丁目,5-1,,35.73699982,139.9385651,,,,,,,,,樹齢200 年の長寿藤は他には見られない。4 月29日? 5 月5 日に「藤まつり」開催。,An old fuji (Japanese wisteria) tree boasts a longevity of 200 years. Fuji Festival is held from May 3rd to 5th.,Ｊ Ｒ 本八幡駅北口　バス宮久保坂下下車　徒歩7 分,,,,,,,,,,,,,,,,,,,,047-372-9588,,,,,,ATTACH/50b18735-8750-485c-adce-deee5f1a32b2.jpg,,,,歴史・文化、生活風景
122033,,41,市川市,白幡神社と高台からの眺め,シラハタジンジャトタカダイカラノナガメ,View from the Shirahata Jinja Shrine and the hill,,122033,,千葉県市川市宮久保4丁目2-4,千葉県,市川市,宮久保4丁目,2-4,,35.73673793,139.9361204,,,,,,,,,武内宿禰、菅原道真公が祀られている。境内には、四季折々の花々が咲き誇る。高台からは市内を見渡せる。,"In the courtyard, you can enjoy flowers season to season. You can overlook the city from the hill.",Ｊ Ｒ 本八幡駅北口　バス宮久保坂下下車　徒歩5 分,,,,,,,,,,,,,,,,,,,,,,,,,,ATTACH\face90db-f8a0-464d-b853-8803129d8743.jpg,,,,歴史・文化、まち並み
122033,,42,市川市,真間川と桜並木,ママガワトサクラナミキ,Mamagawa River and Row of Cherry Trees,,122033,,千葉県市川市,千葉県,市川市,,,,35.73654826,139.9263495,,,,,,,,,国道14 号鬼越付近から真間川沿い約2km 続く桜並木。毎月4 月上旬に「桜祭り」開催。,There are about 2 kilometers of cherry trees along Mamagawa River near National Highway 14. The Cherry Blossom Festival is held in early April every year.,京成線鬼越駅　徒歩3 分,,,,,,,,,,,,,,,,,,,,,,,,,,ATTACH/220901cb-861f-4331-b9ff-0504092c2bc6.jpg,ATTACH\444b2d52-2464-4a3e-af2d-9ea4397ad5f1.JPG,,,自然
122033,,43,市川市,昭和学院のオープンスペース,ショウワガクインノオープンスペース,The Open Space at Showa College,,122033,,千葉県市川市東菅野2丁目17-1,千葉県,市川市,東菅野2丁目,17-1,,35.73488639,139.931023,,,,,,,,,建替えにあたり、桜並木を活かした公開空地を設け、市民に憩いの場を提供。第4回市川市景観賞受賞。,"In the course of redevelopment, public open space was created for providing place of relaxation for citizens. Won the fourth Ichikawa City Landscape Award.",JR本八幡駅北口バス　昭和学院下車,,,,,,,,,,,,,,,,,,,,,,,,,,ATTACH\142b8ffa-1a39-4efa-bba8-d186bce92e73.JPG,,,,まち並み
122033,,44,市川市,白幡天神社と湯の花祭り,シラハタテンジンシャトユノハナマツリ,Shirahatatenjin Shrine and Yunohana Festival,,122033,,千葉県市川市菅野1丁目15-2,千葉県,市川市,菅野1丁目,15-2,,35.72877456,139.9267414,,,,,,,,,境内には梅、桜、椿などの樹木。一年の無病息災を祈願する「湯の花祭り」が開催される（毎年2 月20 日開催）,"There are plum trees, cherry trees, camellia and other trees in the courtyard. Hold a ""Yunohana Festival"" that prays for a year without disease or disaster (held on February 20 every year)",JR本八幡駅北口徒歩15 分,,,,,,,,,,,,,,,,,,,,047-322-1798,,,,,,ATTACH\414e2d8f-6681-46be-8370-95337fa6d85d.JPG,,,,歴史・文化、生活風景
122033,,45,市川市,クロマツと街並み,クロマツトマチナミ,Japanese Black Pine Trees and Streetscape,,122033,,千葉県市川市,千葉県,市川市,,,,35.73357917,139.9116301,,,,,,,,,京成線沿線の住宅地に残るクロマツのある街並みは、自然と共に暮らしてきた姿を今に伝えている。,The streetscape in which Japanese pine trees remain in the residential area along Keisei line tells that this area was once seashore.,,,,,,,,,,,,,,,,,,,,,,,,,,,ATTACH/50182cc8-5e19-4d36-8e8a-1bccf6b0cb92.JPG,ATTACH\01cbcc5b-4c15-4552-bb28-707d6fa5033b.JPG,,,自然、まち並み
122033,,46,市川市,平田緑地,ヒラタリョクチ,Hirata Ryokuci Green Space,,122033,,千葉県市川市平田2丁目23,千葉県,市川市,平田2丁目,23,,35.72808193,139.9185302,,,,,,,,,諏訪神社の裏手から菅野駅へ続くクロマツ林の緑地。かつてあった屋敷の庭の名残り。,A loose stand of black pine streches from the rear of Suwa Jinja Shrine to Sugano Station.. The remains of the courtyard of the mansion which used to be located.,京成線菅野駅　徒歩2 分,,,,,,,,,,,,,,,,,,,,,,,,,,ATTACH\09a045ff-e6d4-4257-bb65-ca5cf576836d.JPG,,,,自然
122033,,47,市川市,文学の道,ブンガクノミチ,Walking Path of Literature (Sakuradote Koen Park),,122033,,千葉県市川市真間3丁目5-3-1地先,千葉県,市川市,真間3丁目,5-3-1,地先,35.73595674,139.913155,,,,,,,,,桜土手公園と手児奈橋公園には市川ゆかりの文化人と万葉の歌を紹介した説明板が設置され、文学の道と呼ばれています。,"At Sakuradote Koen Park and Tekona Bashi Bridge Park, signboards which introduce cultural people related to Ichikawa and their Mannyo songs were set. The street is called the ""Road of Literature.""",ＪＲ市川駅北口　徒歩10分,,,,,,,,,,,,,,,,,,,,,,,,,,ATTACH\713944f9-3aba-4a01-a314-5d73cb9116d1.JPG,,,https://www.city.ichikawa.lg.jp/cul01/1551000030.html,自然、歴史・文化、まち並み
122033,,48,市川市,郭沫若記念館,カクマツジャクキネンカン,"Memorial Museum of Kakumatsujaku, Guo Moruo",,122033,,千葉県市川市真間5丁目3-19,千葉県,市川市,真間5丁目,3-19,,35.7410139,139.9126251,,,,,,,,,中国の文学者・歴史学者・政治家である故郭沫若氏の旧宅を真間5丁目公園に移築・復元し、整備したもの。園内に咲く春の芝桜は必見。※月曜休館,"The old house of the late Chinese writer, historian and politician, Guo Moruo was moved and renovated. Please confirm closing day with the museum.",京成線市川真間駅徒歩約16分JR市川駅　徒歩約20分,,,,,,,,,,,,,,,,,,,,047-372-5400,,,,,,ATTACH/95cd03da-f125-42da-9c01-7c02338c6d8d.jpg,,,https://www.tekona.net/kakumatsujaku/,歴史・文化、まち並み
122033,,49,市川市,芳澤ガーデンギャラリー,ヨシザワガーデンギャラリー,Yoshizawa Garden Gallery,,122033,,千葉県市川市真間5丁目1-18,千葉県,市川市,真間5丁目,1-18,,35.73960176,139.9114301,,,,,,,,,約１，０００坪の敷地に庭園を活かしたギャラリーとして開設。四季折々の木々や草花と芸術作品が楽しめる。※庭園見学は無料、施設入館料は展覧会ごとに異なる。月曜休館（祝日の場??,"It was opened as a gallery to make use of the garden. You can enjoy different trees, flowers and works of art in the four seasons. The visit to the garden is free, and the admission fee for facilities varies from exhibition to exhibition. Closed on Mondays. Please confirm closing days with the museum.",ＪＲ市川駅北口　徒歩16分　京成市川真間駅　徒歩12分,,,,,,,,,,,,,,,,,,,,047-374-7687,,,,,,ATTACH\2cb9d4fd-4bfd-48f7-8364-cd064add0dd0.JPG,,,http://www.tekona.net/yoshizawa/,歴史・文化、まち並み
122033,,50,市川市,須和田公園,スワダコウエン,Suwada Koen Park,,122033,,千葉県市川市須和田2丁目34,千葉県,市川市,須和田2丁目,34,,35.73894441,139.912715,,,,,,,,,弥生時代後期の須和田遺跡を整備し公園としたもの。桜の名所で、バラ園あり。ボランティア（IGC）が花壇の手入れを行っている。,The Suwada Remains site in the late Yayoi era was arranged into a park. It is a famous place for cherry blossom and there is also a rose garden. Volunteers (IGC) are maintaining the flower beds.,京成線市川真間駅徒歩約15分,,,,,,,,,,,,,,,,,,,,,,,,,,ATTACH\afbc7228-dccf-4819-aeeb-90962e5994db.jpg,,,http://www.city.ichikawa.lg.jp/gre04/1111000005.html,まち並み
122033,,51,市川市,木内ギャラリー,キウチギャラリー,Kiuchi Gallery,,122033,,千葉県市川市真間4丁目11-4,千葉県,市川市,真間4丁目,11-4,,35.73988032,139.9054989,,,,,,,,,建物は明治後期から大正前期の近代建築様式で、洋館部分が再築され、市に寄贈されました。現在は文化活動施設として活用しています。※企画展は有料の場合あり。月曜休館,The building is the modern architectural style from the late Meiji period to the early Taisho period. A part of Kiuchi Family's house were rebuilt and donated to the city. It is now used as a facility for cultural activities. There is a charge for the enterprise exhibition. Closed on Mondays. Please confirm closing days with the museum.,ＪＲ市川駅北口　バス　真間山下下車徒歩5 分,,,,,,,,,,,,,,,,,,,,047-371-4916,,,,,,ATTACH\b51bd1cd-0ca8-4863-abd1-48e69d112ae1.JPG,,,http://www.tekona.net/kiuchi/,歴史・文化、まち並み
122033,,52,市川市,真間山,ママサン,Mamasan Hills,,122033,,千葉県市川市真間4丁目9-1,千葉県,市川市,真間4丁目,9-1,,35.73999526,139.9067707,,,,,,,,,スダジイやクスノキなどの斜面林が真間から江戸川に沿って、里見公園付近まで続く。,"Hillside forests of Sudajii and camphor trees, run from the middle of Edogawa to near Satomi Koen Park.",ＪＲ市川駅北口　バス　真間山下下車徒歩2分,,,,,,,,,,,,,,,,,,,,,,,,,,ATTACH/2ff8cc08-f783-47bd-82b8-f7f081c4197a.jpg,ATTACH\4d2160ea-fd99-4b0d-94d2-89bf5e1479bf.JPG,,,自然
122033,,53,市川市,弘法寺と伏姫桜,グホウジトフセヒメザクラ,Guhoji Temple and Fusehime-Zakura Cherry Blossoms,,122033,,千葉県市川市真間4丁目9-1,千葉県,市川市,真間4丁目,9-1,,35.73989225,139.9074717,,,,,,,,,天平9 年（737 年）創建の古刹。樹齢400年の「伏姫桜」や石階段途中には乾くことのない「涙石」が…。,"An ancient temple founded in the ninth year of Tenpyo era (737). There are 400-year-old ""Fusehime Zakura"" and the stone steps which nevery dry, called ""tear stone."" ",ＪＲ市川駅北口　バス　真間山下下車徒歩2 分,,,,,,,,,,,,,,,,,,,,047-371-2242,,,,,,ATTACH/e1751935-bc63-4cb5-aa7e-3ac7e52f5884.jpg,ATTACH\790a8bc3-7610-4fd2-951d-f44afc7b613c.jpg,,http://www.city.ichikawa.lg.jp/cul01/1551000030.html#03,自然、歴史・文化
122033,,54,市川市,手児奈霊神堂とまつり,テコナレイジンドウトマツリ,Tekona Reijindo Shrine and Festival,,122033,,千葉県市川市真間4丁目5-21,千葉県,市川市,真間4丁目,5-21,,35.73828946,139.9093524,,,,,,,,,万葉歌人によって歌に詠まれた伝説の美女・手児奈を祀る。霊神堂の横には真間の入江の名残を留める池。４月には「史蹟まつり」、７月には「ほおずき市」、１０月には「手児奈まつり」,"Dedicated to the legendary beauty, Tekona, who was recited by the Mannyo poet in the song. Next to the temple is a pond that keeps the remains of the river cove. The ""Historical site Festival"" in April, the ""Firefly City"" in July, and the ""Tekona Festival"" in October.",ＪＲ市川駅北口　徒歩15分,,,,,,,,,,,,,,,,,,,,047-371-2953,,,,,,ATTACH/a940b8b9-6993-484e-bd62-c8b149fe95aa.jpg,ATTACH\95e44fd4-8f7c-4af3-8ece-b83bd95005b3.JPG,,http://www.city.ichikawa.lg.jp/cul01/1551000030.html#05,歴史・文化、生活風景
122033,,55,市川市,大門通り,ダイモンドオリ,Daimon Dori Street,,122033,,千葉県市川市市川1丁目地先,千葉県,市川市,市川1丁目,,地先,35.73256246,139.9071085,,,,,,,,,真間山弘法寺へと続く道で、かつては参道として利用されていた。沿道の民家の壁には市川の書家による万葉の歌が飾られている。,Approach way that leads to Guhoji Temple. The walls of a private houses by the roadside are decorated with Mannyo songs written by Ichikawa calligrapher.,ＪＲ市川駅北口　徒歩4 分,,,,,,,,,,,,,,,,,,,,,,,,,,ATTACH\65a5deec-25f2-4f44-8317-11653afd4067.jpg,,,http://www.city.ichikawa.lg.jp/cul01/1551000030.html,まち並み、生活風景
122033,,56,市川市,国道14号のバラ,コクドウジュウヨンゴウノバラ,Roses at Route 14,,122033,,千葉県市川市市川3丁目地先,千葉県,市川市,市川3丁目,,地先,35.73369443,139.9009782,,,,,,,,,市川橋を渡って市内に入ると、ガーデニング・シティいちかわの花々に出迎えられる。,"When you cross the Ichikawa Bridge into the city, you will be greeted by the flowers of the Gardening City, Ichikawa.",,,,,,,,,,,,,,,,,,,,,,,,,,,ATTACH\3442a56b-dc6c-41ae-8566-1274dfc9bbb6.JPG,,,,自然
122033,,57,市川市,市川駅周辺,イチカワエキシュウヘン,Around Icikawa Station,,122033,,千葉県市川市市川1丁目1-1,千葉県,市川市,市川1丁目,1-1,,35.72930299,139.9078594,,,,,,,,,市川駅は明治27年に開設。千葉県の玄関口になる駅で、駅周辺には多くの商業施設が集まり、賑わいを見せている。,"Ichikawa Station was opened in the 27th year of Meiji period. It is a porch station of Chiba Prefecture, and there are many commercial facilities gathered around the station, showing a lively scene.",,,,,,,,,,,,,,,,,,,,,,,,,,,ATTACH/1d8457ca-3b43-40d9-ae2c-e887433e2c29.JPG,ATTACH\f9f4204d-b30f-4e1c-bab6-ae49d5d190ca.JPG,,,まち並み
122033,,58,市川市,I-linkタウンいちかわ,アイリンクタウンイチカワ,I-link Town Ichikawa,,122033,,千葉県市川市市川南1丁目10-1,千葉県,市川市,市川南1丁目,10-1,,35.72915705,139.9059546,,,,,,,,,市街地再開発事業により新たに誕生した街。ザタワーズウエストの45階から市内一円の眺望を楽しむことができ、「新日本三大夜景・夜景100選」のひとつ。,"A new city born as a result of urban redevelopment. You can enjoy an entire view of the city from the 45th floor of  ""Towers West"", which is one of the ""top three Night Views of Japan"".",,,,,,,,,,,,,,,,,,,,,,,,,,,ATTACH/2bdc0de4-9f06-4301-9e03-ceb6b91378c9.JPG,ATTACH\1fda0f7c-a57c-42f2-be3d-e0dbe2174078.jpg,,http://www.city.ichikawa.lg.jp/eco04/1111000055.html,まち並み
122033,,59,市川市,パークシティ市川のオープンスペース,パークシティイチカワノオープンスペース,The open space of Park City Ichikawa,,122033,,千葉県市川市市川南3丁目12,千葉県,市川市,市川南3丁目,12,,35.73067692,139.9001933,,,,,,,,,公開空地にはビオトープとケヤキ等の樹木。清掃活動や花植え活動を行うパークシティ市川美化クラブは第5回市川市景観賞受賞。,"There are biotope and trees such zelkova trees in the open space. The Park City Beautification Club, which carries out cleaning activities and flower arrangement activities, won the 5th Ichikawa Landscape Award.",JR市川駅南口　徒歩約10分,,,,,,,,,,,,,,,,,,,,,,,,,,ATTACH\40f36404-ff33-4d22-b1b1-07b719608182.jpg,,,,まち並み
122033,,60,市川市,大洲防災公園,オオスボウサイコウエン,Ohsu Disaster Prevention Park,,122033,,千葉県市川市大洲1丁目18,千葉県,市川市,大洲1丁目,18,,35.71818595,139.910542,,,,,,,,,通常は市民の憩いの場としてレクリエーションやイベントなどに使用され、災害時には各種防災機能を揃えた拠点となる。（P あり）,"As a rest place for citizens, it is usually used for recreation and events. It has become a location with complete disaster prevention functions in times of disasters. (with P)",JR 市川駅南口　バス　大洲防災公園下車,,,,,,,,,,,,,,,,,,,管理事務所,047-379-3577,,,,,,ATTACH/8f71251e-f197-4d1e-be49-0edb5d073a7f.jpg,,,https://www.city.ichikawa.lg.jp/gre04/osubosai.html,まち並み
122033,,61,市川市,葛飾八幡宮と千本イチョウ,カツシカハチマングウトセンボンイチョウ,Katsushika Hachimangu Shrine and Thousands of  Ginkgo Trees,,122033,,千葉県市川市八幡4丁目2-1,千葉県,市川市,八幡4丁目,2-1,,35.7241182,139.9307889,,,,,,,,,平安時代、宇多天皇の命により建立。梵鐘が県指定、随神門が市指定の有形文化財。千本イチョウは国指定天然記念物。毎年9 月15 日? 20 日にボロ市（農具市）開催。,"In the Heian era, it was built by order of Emperor Uda. The temple bell is a tangible cultural property designated by prefecture and the Zuishinmon Gate, the tangible cultural property designated by the city. Thousands of ginkgo trees is a natural monument designated by the state. It is held in Boro Market (Farm tools City) from September 15th to 20th every year.",ＪＲ本八幡駅北口　徒歩7分,,,,,,,,,,,,,,,,,,,,,,,,,,ATTACH/17b05253-ce1e-46a4-8433-8e1e13d81e6e.JPG,ATTACH\5a67a483-fae1-44b9-afaf-8d080b03293a.jpg,,,自然、歴史・文化
122033,,62,市川市,本八幡駅周辺,モトヤワタエキシュウヘン,Around of Motoyawata  Station,,122033,,千葉県市川市八幡2丁目16-1,千葉県,市川市,八幡2丁目,16-1,,35.72115385,139.9271732,,,,,,,,,本八幡駅は昭和10年に開設。多彩な商業施設が集まり、現在駅北口周辺では市街地再開発事業が進められている。,"Motoyawata Station opened in 1935. Rich and colorful commercial facilities are gathered. At present, urban redevelopment projects are being promoted around the north entrance of the station.",,,,,,,,,,,,,,,,,,,,,,,,,,,ATTACH\8b636778-39f1-4cc2-96c3-a348cf8c036f.jpg,,,,まち並み
122033,,63,市川市,八幡やぶしらず,ヤワタヤブシラズ,Yabushirazu,,122033,,千葉県市川市八幡2丁目8,千葉県,市川市,八幡2丁目,8,,35.72157966,139.9300439,,,,,,,,,水戸黄門が入ったところ出られなくなったという伝説を持つ。鳥居と祠（ほこら）に護られた小さいながらも神秘的な竹やぶ。,The legend  place where Mito Komon entered can't come out. A small and mysterious bamboo forest protected by Torii and ancestral halls (Hokora).,ＪＲ本八幡駅北口　徒歩5分,,,,,,,,,,,,,,,,,,,,,,,,,,ATTACH\b7140963-cf55-494f-9cab-5602e4c07a84.jpg,,,http://www.city.ichikawa.lg.jp/edu09/1111000055.html,自然、歴史・文化
122033,,64,市川市,ニッケコルトンプラザ周辺,ニッケコルトンプラザシュウヘン,Around Nikke colton Square,,122033,,千葉県市川市鬼高1丁目1-1,千葉県,市川市,鬼高1丁目,1-1,,35.71581144,139.9335885,,,,,,,,,豊かな樹木に囲まれ、専門店、レストラン、映画館などが集まった大規模な商業施設。　（P あり）,"Surrounded by rich trees, there are large-scale commercial facilities such as specialty stores, restaurants, cinemas and so on. (Parking Available)",JR本八幡駅南口　徒歩10分　本八幡駅北口より無料バスあり,,,,,,,,,,,,,,,,,,,,,,,,,,ATTACH\5c4655a5-a31c-422e-a34b-6262fc2b3a0e.jpg,,,,まち並み、生活風景
122033,,65,市川市,メディアパーク・現代産業科学館周辺,メディアパーク・ゲンダイサンギョウカガクカンシュウヘン,Around the Modern Industrial Science Museum and the Media Park,,122033,,千葉県市川市鬼高1丁目1-3,千葉県,市川市,鬼高1丁目,1-3,,35.71553054,139.9325146,,,,,,,,,〈メディアパーク〉図書館、こども館、文学ミュージアムなどを併設した多目的施設。（P あり）〈現代産業科学館〉産業、科学技術を遊びながら学べる施設。（入館有料）,"The Media Park has multi-purpose facilities such as library, children's hall, literature museum and so on. (Parking Available) the Modern Industrial Science Museum, a facility for learning while playing science and technology. (admission fee)",JR 本八幡駅南口　徒歩15分（コルトンプラザ隣）,,,,,,,,,,,,,,,,,,,,,,,,,,ATTACH/4d07d3e7-32a4-48e1-a13a-1c796bc17afe.JPG,,,http://www.city.ichikawa.lg.jp/edu13/1111000021.html,まち並み
122033,,66,市川市,文化会館前とプロムナード,ブンカカイカンマエトプロムナード,In front of the Civic Hall and Promnard,,122033,,千葉県市川市大和田1丁目1-5,千葉県,市川市,大和田1丁目,1-5,,35.7164809,139.9217118,,,,,,,,,市制施行50周年を記念して、大・小のホールをはじめ、展示室、茶室、華道室、会議室などを備えた芸術文化の拠点として設立。プロムナードはケヤキ並木。,"In order to commemorate the 50th anniversary of the implementation of the municipal system, headed by large and small halls, it was established as an artistic and cultural stronghold with exhibition halls, teahouses, flower rooms, conference rooms and so on. Promnard is shaded by beech trees.",JR本八幡駅南口徒歩10 分,,,,,,,,,,,,,,,,,,,,047-379-5111,,,,,,ATTACH\33441e1f-c401-40af-a547-29007238e02e.jpg,,,http://www.tekona.net/bunkakaikan/,自然、まち並み
122033,,67,市川市,原木山妙行寺,バラキサンミョウギョウジ,Barakisanmyogyouji temple,,122033,,千葉県市川市原木1丁目24-1,千葉県,市川市,原木1丁目,24-1,,35.70202275,139.9474719,,,,,,,,,天文7 年（1538 年）開創の日蓮宗の古刹。山門や春の枝垂桜がみどころ。,The ancient temple of the Japanese Lotus sect founded in 1538. The mountain gate and the branches of spring are interesting.,東西線原木中山駅徒歩10 分,,,,,,,,,,,,,,,,,,,,047-327-1461,,,,,,ATTACH\87cceacb-c7ba-4e1d-b5c4-8497c0afee7c.JPG,,,,歴史・文化
122033,,68,市川市,行徳橋（行徳可動堰）,ギョウトクバシ（ギョウトクカドウゼキ）,Gyotoku Bridge,,122033,,千葉県市川市稲荷木2丁目地先,千葉県,市川市,稲荷木2丁目,,地先,35.70320613,139.9233615,,,,,,,,,可動堰は昭和32年に完成した東洋一のローリングゲート。周辺はハゼ釣り、水遊びなどで楽しめる市民憩いの場。,"The movable Weir is No1 in the East built in 1957. The surrounding area is a resting place for citizens who can fish, swim in the water and so on.",東西線妙典駅北口徒歩20 分,,,,,,,,,,,,,,,,,,,,,,,,,,ATTACH\9534980a-3f2e-4a3c-87db-813fa6637839.JPG,,,,まち並み
122033,,69,市川市,江戸川妙典堤防,エドガワミョウデンテイボウ,Edogawa River Myoden Embankment,,122033,,千葉県市川市妙典6丁目地先,千葉県,市川市,妙典6丁目,,地先,35.69508369,139.9320056,,,,,,,,,堤防の上には約50本の河津桜があり、春になると満開の花を咲かせる。,"There are about 50 Hejin cherry trees on the dam, which bloom in spring.",東西線妙典駅東口　徒歩１０分,,,,,,,,,,,,,,,,,,,,,,,,,,ATTACH\4b7c2977-e101-4a35-8df6-09c485b5ecb6.jpg,,,,自然
122033,,70,市川市,徳願寺,トクガンジ,Tokuganji Temple,,122033,,千葉県市川市本行徳5-22,千葉県,市川市,本行徳,5-22,,35.69490344,139.9218967,,,,,,,,,徳川家と宮本武蔵ゆかりの寺。山門、鐘楼、経蔵は市指定文化財。毎年11 月16 日のお十夜に寺宝一般公開。,"The temple of Tokugawa and Miyamoto Musashi. The mountain gate, clock tower and warehouse are the cultural property designated by the city. Sibao is open to the public on the tenth night of November 16 every year.",東西線妙典駅北口徒歩5 分,,,,,,,,,,,,,,,,,,,,047-357-2372,,,,,,ATTACH/296ea51d-b6c1-4c31-bb36-e380ddfa01c3.jpg,ATTACH\c943f998-727e-4422-a375-8c0f2445612e.JPG,,http://www.city.ichikawa.lg.jp/edu09/1551000010.html,歴史・文化
122033,,71,市川市,行徳寺町通り周辺の街並み,ギョウトクテラマチドオリシュウヘンノマチナミ,Around Gyotoku Temple Street,,122033,,千葉県市川市本行徳地先,千葉県,市川市,本行徳,,地先,35.69471452,139.9212097,,,,,,,,,江戸時代に「戸数千軒、寺百軒」と言われたほど多くの寺社が集まり、今も昔懐かしい風情が残る。,"Many temples and shrines gathered in the Edo period, known as ""1,000 houses, 100 temples"", are still nostalgic to this day.",東西線妙典駅北口徒歩7 分,,,,,,,,,,,,,,,,,,,,,,,,,,ATTACH/43c06f65-ff98-4d41-8758-25ad7fdb6998.JPG,ATTACH\455485b5-2b42-43c6-b24a-9764ea5427fe.JPG,,,歴史・文化、まち並み
122033,,72,市川市,行徳の歴史・文化史ある建築物,ギョウトクノレキシ・ブンカシアルケンチクブツ,A Building with a History of Morality and Culture.,,122033,,千葉県市川市本行徳地先,千葉県,市川市,本行徳,,地先,35.69303603,139.9175361,,,,,,,,,歴史ある建物が多数、残っている。成田山詣や製塩業で繁栄した当時の風情を偲ばれる。,There are also many buildings with a long history. The amorous feelings during Narita Mountain's pilgrimage and the prosperity of the salt industry are remembered.,,,,,,,,,,,,,,,,,,,,,,,,,,,ATTACH/6f434d64-cb2b-42ff-9b25-a07a146cbf39.jpg,ATTACH\7fff8a2e-30c0-4aa7-a9be-4c7242edc36f.jpg,,,歴史・文化、まち並み
122033,,73,市川市,権現道,ゴンゲンミチ,Gongemichi Street,,122033,,千葉県市川市本行徳地先,千葉県,市川市,本行徳,,地先,35.69397269,139.9204038,,,,,,,,,徳川家康（権現様）が東金に鷹狩に行く際に通った道。周辺に多くのお寺や神社がある。,Tokugawa Iyeyasu (Gongensama)  Falconry passed the road when it went. There are many temples and shrines around.,東西線妙典駅北口徒歩7 分,,,,,,,,,,,,,,,,,,,,,,,,,,ATTACH/a7aea352-0f1f-4cbf-a250-a7a98c249b15.jpg,ATTACH/e84ffe18-0307-45bc-a708-ce744d815089.JPG,,https://www.city.ichikawa.lg.jp/cul01/1111000205.html,歴史・文化、まち並み
122033,,74,市川市,八幡神社と桜,ハチマンジンジャトサクラ,Hachiman Shrine and Cherry Blossom,,122033,,千葉県市川市本行徳25-20,千葉県,市川市,本行徳,25-20,,35.69223714,139.9173481,,,,,,,,,天正元（1573）年、相模国鎌倉の鶴岡八幡宮を勧請して建てたと言われている。境内には力石や大イチョウもある。,"In 1573, the Tsurugaoka Hachimangu Palace in Kamakura,was urged to build it. There are also Lishi and Ginkgo biloba in the precinct.",東西線行徳駅　バス行徳3丁目下車すぐ,,,,,,,,,,,,,,,,,,,,,,,,,,ATTACH\c975b51c-32d4-462b-8a47-763890b36dfa.jpg,,,,自然、歴史・文化
122033,,75,市川市,行徳みこしとまつり,ギョウトクミコシトマツリ,The Mikoshi of Gyotoku and Festival,,122033,,千葉県市川市本行徳地先,千葉県,市川市,本行徳,,地先,35.69137532,139.9164212,,,,,,,,,江戸中期頃から行徳みこしは有名で、盛んに作られるようになった。通称「五ヵ町祭礼」は３年に一度10月に開催され、独特の「もみ方」で知られている。,"Since the middle of Edo, the Shrine of Gyotoku is very famous and has been actively produced. Commonly known as the ""Goka-cho ceremony"", held every three years in October, it is famous for its unique ""kneading style"".",東西線妙典駅北口徒歩10 分,,,,,,,,,,,,,,,,,,,,,,,,,,ATTACH/65ac78d5-cc67-4ed2-902d-807dc2e14425.jpg,ATTACH\afe70505-154d-41cb-b4eb-4d3a7393af98.JPG,,,歴史・文化、生活風景
122033,,76,市川市,常夜灯（公園）,ジョウヤトウ（コウエン）,Jyoyato Park,,122033,,千葉県市川市本行徳34地先,千葉県,市川市,本行徳,34,地先,35.69107045,139.9150594,,,,,,,,,江戸時代、成田山詣の出発点。航路（行徳船）の安全を祈願して成田山に奉納された。（市指定文化財）,"The Edo era was the starting point of Narita Mountain's pilgrimage. In order to pray for the safety of the route (moral ship), it was dedicated to Narita Mountain. (municipal designated cultural property)",東西線行徳駅　バス行徳4 丁目下車すぐ／東西線妙典駅北口　徒歩15 分,,,,,,,,,,,,,,,,,,,,,,,,,,ATTACH/ddfcd36f-3650-44a4-a561-befc9faabece.JPG,ATTACH\071f1445-1f72-4334-8e18-312fa6fa1e61.jpg,,http://www.city.ichikawa.lg.jp/edu09/1511000007.html,自然、歴史・文化
122033,,77,市川市,旧行徳街道,キュウギョウトクカイドウ,Old Gyotoku Street,,122033,,千葉県市川市,千葉県,市川市,,,,35.68828183,139.9136796,,,,,,,,,築100 年をこえる旧家が現在も残る、かつての宿場を彷彿とさせる旧街道。,"The old street is reminiscent of the former post station, which still has a house of more than 100 years.",東西線妙典駅北口徒歩10 分,,,,,,,,,,,,,,,,,,,,,,,,,,ATTACH\5c9bfe6e-2c82-4c83-843a-933e3f4e14c1.JPG,,,http://www.city.ichikawa.lg.jp/cul01/1441000003.html,歴史・文化、まち並み
122033,,78,市川市,旧江戸川,キュウエドガワ,Old Edogawa river,,122033,,千葉県市川市,千葉県,市川市,,,,35.6868931,139.9107539,,,,,,,,,江戸川水閘門から下流を旧江戸川と呼ぶ。舟で東京湾に出られるため夜景を楽しむ屋形船が盛ん。,"From the downstream of Edogawa sluice is called Old Edogawa. Because of taking a boat to Tokyo Bay, roof-shaped boats that enjoy the night view are very popular.",,,,,,,,,,,,,,,,,,,,,,,,,,,ATTACH\e37cad1f-41c4-459c-a695-57711185bfd5.jpg,,,,自然
122033,,79,市川市,行徳小学校周辺,ギョウトクショウガッコウシュウヘン,Around Gyotoku Primary School,,122033,,千葉県市川市富浜1丁目1-40,千葉県,市川市,富浜1丁目,1-40,,35.69218869,139.9232935,,,,,,,,,児童やボランティアの方々が大切に育てた花々が通りに彩りを添えている。,Flowers carefully cultivated by children and volunteers add color to the streets.,,,,,,,,,,,,,,,,,,,,,,,,,,,ATTACH\94439870-fd95-441f-925e-1aea43e48dbb.jpg,,,,まち並み
122033,,80,市川市,妙典駅周辺,ミョウデンエキシュウヘン,Around Myoden Station,,122033,,千葉県市川市富浜1丁目2,千葉県,市川市,富浜1丁目,2,,35.69202149,139.9262932,,,,,,,,,平成12 年に駅が開設され、土地区画整理事業によって生まれた美しい街並み。駅前広場は季節の花で彩られている。,"Opened a station in 2000, which is a beautiful urban landscape produced by the cause of land zoning and consolidation. The square in front of the station is dotted with seasonal flowers.",東西線妙典駅東口,,,,,,,,,,,,,,,,,,,,,,,,,,ATTACH\239fa11f-dc2e-4402-95d8-3a450644c723.JPG,,,,まち並み
122033,,81,市川市,妙典公園,ミョウデンコウエン,Myoden Park,,122033,,千葉県市川市妙典6丁目101,千葉県,市川市,妙典6丁目,101,,35.69477283,139.9305777,,,,,,,,,平成14 年土地区画整理事業によって造られた。中央の大きな広場が多くの市民の憩いの場となっている。ボランティア（IGC）が花壇の手入れを行っている。,Built by the cause of land zoning and consolidation in 2002. The central plaza has become a resting place for many citizens. Volunteers are maintaining the flower beds.,東西線妙典駅東口徒歩10 分,,,,,,,,,,,,,,,,,,,,,,,,,,ATTACH/ae2b4e4e-1595-4aba-ab4c-e0db3fd03cc6.JPG,ATTACH\a2ee9468-2fb8-4aa3-ac84-fe8fc2020b06.JPG,,,まち並み
122033,,82,市川市,イオン市川妙典店周辺,イオンイチカワミョウデンテンシュウヘン,Around Aeon shop of Ichikawa-Myoden,,122033,,千葉県市川市妙典5丁目3-1,千葉県,市川市,妙典5丁目,3-1,,35.69301525,139.927888,,,,,,,,,専門店、レストラン、映画館などが集まった商業施設。　（P あり）,"Commercial facilities such as specialty stores, restaurants, cinemas, etc. (Parking Available)",,,,,,,,,,,,,,,,,,,,,,,,,,,ATTACH\6ad8c408-99f7-4102-8d2c-3e9ff94d6149.JPG,,,,まち並み
122033,,83,市川市,妙典中央通りのけやき並木,ミョウデンチュウオウドオリノケヤキナミキ,The Keyaki of Myoden Central Street,,122033,,千葉県市川市妙典5丁目地先,千葉県,市川市,妙典5丁目,,地先,35.69183538,139.928281,,,,,,,,,行徳地区には多くの街路樹が植栽されている。妙典のけやき並木は初夏の新緑と、紅葉が美しい。,Many street trees have been planted in Gyotoku area. The wonderful beech trees contrast with the new green and red leaves in early summer.,東西線妙典駅　徒歩３分,,,,,,,,,,,,,,,,,,,,,,,,,,ATTACH\ce705097-d8e7-4b9f-a98f-41f75b1a4821.JPG,,,,自然
122033,,84,市川市,クリーンスパ市川からの眺め,クリーンスパイチカワカラノナガメ,View of Clean Spa Ichikawa,,122033,,千葉県市川市上妙典1554,千葉県,市川市,上妙典,1554,,35.68628808,139.9435193,,,,,,,,,平成19年9月オープン。隣接するクリーンセンターからの余熱を利用した多目的スパ。露天風呂の富士見の窓からは江戸川や富士山などが眺められる。,Opened in September 19 2007. A multi-purpose spa that uses waste heat from an adjacent cleaning center. You can see Edogawa and Mount Fuji from the window of Fuji in the open-air bath.,東西線原木中山駅他より無料送迎バス,,,,,,,,,,,,,,,,,,,,047-329-6711,,,,,,ATTACH\d2d2b632-b9cf-499c-a5dd-0b83c95798aa.JPG,,,,まち並み
122033,,85,市川市,江戸川放水路,エドガワホウスイロ,Edogawa River Waterway,,122033,,千葉県市川市,千葉県,市川市,,,,35.68607229,139.9407297,,,,,,,,,ハゼ釣りの名所で多くの釣り人で賑わう。カニや水鳥だけでなくトビハゼの生息地でもあり、干潟や葦原の水辺環境が残る。,"The fishing attractions of goby are crowded with many anglers. This is not only the crab and waterfowl, but also the habitat of Tobi Haze, and the waterside environment of beaches and reeds still exists.",,,,,,,,,,,,,,,,,,,,,,,,,,,ATTACH\af6eed76-e4e0-48f4-aaa4-50b16903b64f.JPG,,,,自然
122033,,86,市川市,中江川の桜並木（中江川緑道）,ナカエガワノサクラナミキ（ナカエガワリョクドウ）,Sakura and trees of Nakaegawa River,,122033,,千葉県市川市幸2丁目地先,千葉県,市川市,幸2丁目,,地先,35.67945183,139.928456,,,,,,,,,新浜通りから東へ約600m にわたって中江川の両岸や上部に続く桜並木で春には花々が楽しめる。,"About 600 meters east from Niihama Street, the banks of Nakaegawa river and the upper cherry blossom trees can enjoy the flowers in spring.",東西線行徳駅／東西線妙典駅南口徒歩15 分,,,,,,,,,,,,,,,,,,,,,,,,,,ATTACH\ef4a8735-dc85-4b06-9c50-2db141e2de0f.jpg,,,,自然、まち並み
122033,,87,市川市,行徳駅前と商店街の街並み,ギョウトクエキマエトショウテンガイノマチナミ,The streets of Gyotoku staion and Shopping Street,,122033,,千葉県市川市行徳駅前2丁目地先,千葉県,市川市,行徳駅前2丁目,,地先,35.68293931,139.9143886,,,,,,,,,多種多様なお店が集まり、いつも賑わう商店街のある街並み。,"All kinds of shops gather together, always the street where the busy shopping street is located.",東西線行徳駅　徒歩3 分,,,,,,,,,,,,,,,,,,,,,,,,,,ATTACH\979df788-fb10-421a-ae2f-50e52c4cace4.JPG,,,,まち並み、生活風景
122033,,88,市川市,行徳駅前公園,ギョウトクエキマエコウエン,Gyotoku staion Park,,122033,,千葉県市川市湊新田2丁目4,千葉県,市川市,湊新田2丁目,4,,35.67904367,139.9134637,,,,,,,,,第二日曜日にはミニＳＬに乗って遊べる公園、夏季には水遊びのできるプールや噴水がある。ボランティア（IGC）が花壇の手入れを行っている。,"On the second Sunday, you can take a mini SL to play in the park, with swimming pools and fountains to swim in summer. Volunteers are maintaining the flower beds.",東西線行徳駅　徒歩5 分,,,,,,,,,,,,,,,,,,,管理事務所,043-397-5577,,,,,,ATTACH\d24a0412-ab10-41fe-b2e2-0b9fcdc9c52c.JPG,,,,まち並み
122033,,89,市川市,今井橋,イマイバシ,Imai Bridge,,122033,,千葉県市川市広尾2丁目地先,千葉県,市川市,広尾2丁目,,地先,35.6805103,139.8907584,,,,,,,,,江戸川区と市川市を結ぶ旧江戸川に架かる橋。橋からの眺めは懐かしさを感じられる。　,The old Edogawa Bridge connecting Edogawa District and Ichikawa City. The view from the bridge is nostalgic.,東西線南行徳駅北口徒歩20分,,,,,,,,,,,,,,,,,,,,,,,,,,ATTACH\67c7701a-6744-479a-9f62-b390fcf3b3b4.jpg,,,,まち並み
122033,,90,市川市,広尾防災公園,ヒロオボウサイコウエン,Hiro Disaster Prevention Park,,122033,,千葉県市川市広尾2丁目3-2,千葉県,市川市,広尾2丁目,3-2,,35.6785464,139.8900895,,,,,,,,,平成22年に開園し、地域住民の憩いやレクリエーションの場として親しまれる公園。防災樹木を中心に、イチョウ、ケヤキ、サクラ、コブシ、ウメ、バラなどの樹木により四季を通じて楽し,"2001 opened, is a popular park as a place of rest and entertainment for local residents. Focus on disaster prevention trees, through ginkgo, beech, cherry blossoms, Cobb, plum blossoms, roses and other trees happy four seasons",東西線南行徳駅北口　徒歩15分,,,,,,,,,,,,,,,,,,,,,,,,,,ATTACH\bde022d5-c2c3-4a1f-94fc-8082a42602a3.JPG,,,http://www.city.ichikawa.lg.jp/gyo07/1112000001.html,まち並み
122033,,91,市川市,南行徳公園（えんぴつ公園）,ミナミギョウトクコウエン（エンピツコウエン）,South Gyotoku Park (Pencil Park),,122033,,千葉県市川市相之川4丁目1,千葉県,市川市,相之川4丁目,1,,35.67487627,139.901684,,,,,,,,,夏には水遊びの子供たちで賑わう。ミニアスレチック、ランニングコースもあり。,The children who play in the water are very lively in summer. There are also mini sports and running routes.,東西線南行徳駅北口徒歩5 分,,,,,,,,,,,,,,,,,,,,,,,,,,ATTACH\be7a0b13-34d6-4d91-a4f6-2f2f70d101d0.JPG,,,https://www.city.ichikawa.lg.jp/gre04/minamigyoutoku.html,まち並み
122033,,92,市川市,丸浜川と遊歩道,マルハマガワトユウホドウ,Maruhamagaawa River and Trail,,122033,,千葉県市川市福栄4丁目地先,千葉県,市川市,福栄4丁目,,地先,35.67244312,139.9138687,,,,,,,,,川沿いに桜並木／アジサイロード等約１ｋｍ続きカワセミ、メジロや河津桜と菜の花のコラボも見られる。（行徳グリン・クリンの会は都市景観大賞特別賞受賞）（Ｐあり）,"The riverside cherry blossom and wood / hydrangea road lasts for about 1 km, and Megiro's cooperation with Hejin Sakura and cauliflower can also be seen. (Gyotoku Green Clean Club won the Special Award of the Urban Landscape Award)(Parking Available)",,,,,,,,,,,,,,,,,,,,,,,,,,,ATTACH\15c7cb01-dc2a-4d60-9d9c-b85e104cb483.JPG,,,,自然、まち並み
122033,,93,市川市,江戸川第二終末処理場,エドガワダイニシュウマツショリジョウ,Edogawa Second Sewage Treatment,,122033,,千葉県市川市福栄4丁目32-2,千葉県,市川市,福栄4丁目,32-2,,35.66886939,139.9099781,,,,,,,,,広大な敷地にスポーツ施設、散策路が整備され、芝桜、バラなど四季折々の花が楽しめる。場内で活動している行徳芝桜の会は都市景観大賞特別賞受賞。（Ｐあり）,"The vast land is equipped with sports facilities and walking paths, where you can enjoy the flowers of different seasons, such as cherry cherry and rose. Gyotoku Shibazakuranokai, which is active in the venue, will be awarded a special prize in the Urban Landscape Award. (Parking Available)",東西線行徳駅　バス　南行徳四丁目下車徒歩３ 分,,,,,,,,,,,,,,,,,,,,047-398-0606,,,,,,ATTACH\455fcf4d-1932-4079-b466-666432a7291e.jpg,,,http://www.pref.chiba.lg.jp/gs-edogawa/jigyou/ikoi.html,自然、まち並み
122033,,94,市川市,行徳近郊緑地と野鳥観察舎,ギョウトクキンコウリョクチトヤチョウカンサツシャ,Green Space and Wild Bird Observation House in the suburbs of Gyotoku,,122033,,千葉県市川市福栄4丁目22-11,千葉県,市川市,福栄4丁目,22-11,,35.6684333,139.9157185,,,,,,,,,都市に残る野鳥の楽園。バードウォッチングに最適。（入館無料、P あり）,"Stay in the city's wild bird park. It's very suitable for bird watching. (free admission , Parking available)",東西線行徳駅　バス　福栄二丁目下車徒歩7 分,,,,,,,,,,,,,,,,,,,,047-702-8045,,,,,,ATTACH/3b7e348c-54ff-4ae2-b130-7f1772b0b726.jpg,ATTACH\5078800a-c63d-4aec-bf31-30e475305289.jpg,,https://www.city.ichikawa.lg.jp/env09/1111000028.html,自然
122033,,95,市川市,宮内庁新浜鴨場,クナイチョウシンハマカモバ,Shinhama Duck Farm of Imperial Household Agency,,122033,,千葉県市川市新浜2丁目5-1,千葉県,市川市,新浜2丁目,5-1,,35.672435,139.9167814,,,,,,,,,一般入場不可だが、事前に募集を募る見学会は年１０回程度実施している。,"Generally speaking, admission is not allowed, but pre-solicited visits will be held about 10 times a year.",,,,,,,,,,,,,,,,,,,,,,,,,,,ATTACH\b3e5fb2e-e062-4367-9379-ec710fd5be2e.JPG,,,,自然
122033,,96,市川市,塩浜橋,シオハマバシ,Shiohama Bridge,,122033,,千葉県市川市南行徳4丁目地先,千葉県,市川市,南行徳4丁目,,地先,35.66476866,139.9100942,,,,,,,,,橋の上から両岸に桜並木が、反対側は葭原と水辺の鳥、河川敷には河津桜と菜の花のコラボが心を癒してくれる。,"From the bridge on both sides of the cherry blossom shade, on the other side is the Binyuan and waterside birds, the riverbank is Hejin Sakura and rape cooperation, healed the soul.",,,,,,,,,,,,,,,,,,,,,,,,,,,ATTACH\a593e25b-dc76-4fee-a02c-fef78afc204f.jpg,,,,まち並み
122033,,97,市川市,ハイタウン塩浜,ハイタウンシオハマ,High Town of Shiohama,,122033,,千葉県市川市塩浜4丁目2,千葉県,市川市,塩浜4丁目,2,,35.66162591,139.9109441,,,,,,,,,花で彩られた花壇が随所にあり。住民主体により環境整備・植栽活動を行う第一住宅管理組合は第3回市川市景観賞受賞。,There are flower beds decorated with flowers everywhere. The first residential management combination of environmental preparation and planting activities carried out by residents won the third Shichuan Landscape Award.,,,,,,,,,,,,,,,,,,,,,,,,,,,ATTACH/c84ee6b4-b093-4811-97d7-ad81315c4d41.jpg,ATTACH\75fa4383-7c91-4bce-bcf0-93fb42f0370b.jpg,,,自然、まち並み、生活風景
122033,,98,市川市,塩浜護岸からの眺め,シオハマゴガンカラノナガメ,View from the Revetment of the Shiohama,,122033,,千葉県市川市塩浜1丁目6-1,千葉県,市川市,塩浜1丁目,6-1,,35.66662185,139.9313028,,,,,,,,,護岸からは三番瀬越しのご来光が拝める。,"From the revetment, you can see the light across Sanbanze",,,,,,,,,,,,,,,,,,,,,,,,,,,ATTACH\9ad12aa8-7cd6-4f52-893d-bd2b82b7a239.jpg,,,,まち並み
122033,,99,市川市,海の見える風景,ウミノミエルフウケイ,View of the Sea,,122033,,千葉県市川市塩浜2丁目31,千葉県,市川市,塩浜2丁目,31,,35.66043778,139.920943,,,,,,,,,遠くの工場群さらに房総の山々、また三浦半島まで望め、朝日の昇る眺めが美しい。,"The factory group in the distance is Boso's mountains, and you can also overlook the Miura Peninsula. The scenery of the rising sun is very beautiful.",,,,,,,,,,,,,,,,,,,,,,,,,,,ATTACH\2381b31f-cebc-4e62-92f2-82f7809cd267.jpg,,,,まち並み
122033,,100,市川市,東京湾三番瀬,トウキョウワンサンバンゼ,Tokyo Bay Sanbanze,,122033,,千葉県市川市,千葉県,市川市,,,,35.66051994,139.9431884,,,,,,,,,東京湾に残る貴重な自然。ノリの養殖が営まれ、冬季には渡り鳥がやってくる。,"The precious nature left behind by Tokyo Bay. There is porphyra aquaculture, and there are migratory birds in winter.",,,,,,,,,,,,,,,,,,,,,,,,,,,ATTACH\4b696289-7f0f-4487-bd13-038979b6ccdf.jpg,,,https://www.city.ichikawa.lg.jp/gyo06/1111000002.html,自然
