全国地方公共団体コード,ID,地方公共団体名,名称,名称_カナ,名称_英字,種別,所在地_全国地方公共団体コード,町字ID,所在地_連結表記,所在地_都道府県,所在地_市区町村,所在地_町字,所在地_番地以下,建物名等(方書),緯度,経度,高度の種別,高度の値,アクセス方法,駐車場情報,電話番号,内線番号,FAX番号,連絡先メールアドレス,連絡先FormURL,連絡先備考（その他、SNSなど）,郵便番号,法人番号,団体名,認可等年月日,収容定員,受入年齢,利用可能曜日,開始時間,終了時間,利用可能日時特記事項,一時預かりの有無,子供預かり料金種別,子供預かり料金,子供預かり料金備考,子供預かり開所時間,子供預かり閉所時間,病児保育の有無,授乳室,おむつ替えコーナー,飲食可否,ベビーカー貸出,ベビーカー利用,URL,画像,画像_ライセンス,備考
122033,,市川市,アンデルセン幼稚園,ｱﾝﾃﾞﾙｾﾝﾖｳﾁｴﾝ,,私立幼稚園,122033,,千葉県市川市堀之内1丁目9-17,千葉県,市川市,堀之内1丁目,9-17,,35.75611894,139.9179131,,,,,(047)374-1751,,,,,,,,,,,,,,,,,,,,,,,,,,,,https://andersen-kindergarten.com/,,,427
122033,,市川市,若宮幼稚園,ﾜｶﾐﾔﾖｳﾁｴﾝ,,私立幼稚園,122033,,千葉県市川市若宮3丁目53-4,千葉県,市川市,若宮3丁目,53-4,,35.72697185,139.9534368,,,,,(047)339-2057,,,,,,,,,,,,,,,,,,,,,,,,,,,,https://ichikawa-wakamiya-kg.jimdofree.com/,,,417
122033,,市川市,富貴島幼稚園,ﾌｷｼﾏﾖｳﾁｴﾝ,,私立幼稚園,122033,,千葉県市川市八幡6丁目12-12,千葉県,市川市,八幡6丁目,12-12,,35.72799194,139.9364769,,,,,(047)334-4860,,,,,,,,,,,,,,,,,,,,,,,,,,,,http://fukishima.jp/top.html,,,410
122033,,市川市,自然幼稚園,ｼｾﾞﾝﾖｳﾁｴﾝ,,私立幼稚園,122033,,千葉県市川市市川1丁目24-21,千葉県,市川市,市川1丁目,24-21,,35.73045918,139.9103596,,,,,(047)322-4095,,,,,,,,,,,,,,,,,,,,,,,,,,,,https://ichikawashizen.wixsite.com/osanagononiwa,,,400
122033,,市川市,和光幼稚園,ﾜｺｳﾖｳﾁｴﾝ,,私立幼稚園,122033,,千葉県市川市相之川2丁目12-28,千葉県,市川市,相之川2丁目,12-28,,35.67856271,139.8959189,,,,,(047)316-1455,,,,,,,,,,,,,,,,,,,,,,,,,,,,https://www.ichikawa-wako.com/,,,401
122033,,市川市,信篤幼稚園,ｼﾝﾄｸﾖｳﾁｴﾝ,,公立幼稚園,122033,,千葉県市川市高谷1丁目8-1,千葉県,市川市,高谷1丁目,8-1,,35.70208378,139.9417121,,,,,(047)328-2325,,,,,,,,,,,,,,,,,,,,,,,,,,,,http://www.city.ichikawa.lg.jp/edu03/1111000014.html,,,392
122033,,市川市,大洲幼稚園,ｵｵｽﾖｳﾁｴﾝ,,公立幼稚園,122033,,千葉県市川市大洲4丁目3-12,千葉県,市川市,大洲4丁目,3-12,,35.72102686,139.9096322,,,,,(047)370-3648,,,,,,,,,,,,,,,,,,,,,,,,,,,,http://www.city.ichikawa.lg.jp/edu03/1111000012.html,,,394
122033,,市川市,南行徳幼稚園,ﾐﾅﾐｷﾞｮｳﾄｸﾖｳﾁｴﾝ,,公立幼稚園,122033,,千葉県市川市欠真間1丁目6-15,千葉県,市川市,欠真間1丁目,6-15,,35.67951768,139.9007408,,,,,(047)358-5333,,,,,,,,,,,,,,,,,,,,,,,,,,,,http://www.city.ichikawa.lg.jp/edu03/1111000017.html,,,395
122033,,市川市,百合台幼稚園,ﾕﾘﾀﾞｲﾖｳﾁｴﾝ,,公立幼稚園,122033,,千葉県市川市曽谷6丁目10-1,千葉県,市川市,曽谷6丁目,10-1,,35.74038914,139.9256261,,,,,(047)373-8937,,,,,,,,,,,,,,,,,,,,,,,,,,,,http://www.city.ichikawa.lg.jp/edu03/1111000013.html,,,396
122033,,市川市,新浜幼稚園,ﾆｲﾊﾏﾖｳﾁｴﾝ,,公立幼稚園,122033,,千葉県市川市行徳駅前4丁目5-2,千葉県,市川市,行徳駅前4丁目,5-2,,35.67979309,139.9169214,,,,,(047)396-2521,,,,,,,,,,,,,,,,,,,,,,,,,,,,http://www.city.ichikawa.lg.jp/edu03/1111000016.html,,,397
122033,,市川市,塩焼幼稚園,ｼｵﾔｷﾖｳﾁｴﾝ,,公立幼稚園,122033,,千葉県市川市塩焼5丁目9-1,千葉県,市川市,塩焼5丁目,9-1,,35.68490236,139.929709,,,,,(047)397-3857,,,,,,,,,,,,,,,,,,,,,,,,,,,,http://www.city.ichikawa.lg.jp/edu03/1111000010.html,,,398
122033,,市川市,日出学園幼稚園,ﾋﾉﾃﾞｶﾞｸｴﾝﾖｳﾁｴﾝ,,私立幼稚園,122033,,千葉県市川市菅野2丁目21-12,千葉県,市川市,菅野2丁目,21-12,,35.72997976,139.9186402,,,,,(047)322-4012,,,,,,,,,,,,,,,,,,,,,,,,,,,,http://kinder.hinode.ed.jp/,,,399
122033,,市川市,市川学園幼稚園,ｲﾁｶﾜｶﾞｸｴﾝﾖｳﾁｴﾝ,,私立幼稚園,122033,,千葉県市川市八幡5丁目1-10,千葉県,市川市,八幡5丁目,1-10,,35.72304126,139.9318648,,,,,(047)334-4770,,,,,,,,,,,,,,,,,,,,,,,,,,,,https://www.ichikawa-kindergarten.com/dai-ichi/,,,402
122033,,市川市,市川学園第２幼稚園,ｲﾁｶﾜｶﾞｸｴﾝﾀﾞｲﾆﾖｳﾁｴﾝ,,私立幼稚園,122033,,千葉県市川市東菅野4丁目13-1,千葉県,市川市,東菅野4丁目,13-1,,35.73202963,139.9378424,,,,,(047)339-1531,,,,,,,,,,,,,,,,,,,,,,,,,,,,https://www.ichikawa-kindergarten.com/daini/,,,403
122033,,市川市,みどり幼稚園,ﾐﾄﾞﾘﾖｳﾁｴﾝ,,私立幼稚園,122033,,千葉県市川市中山3丁目10-4,千葉県,市川市,中山3丁目,10-4,,35.71993161,139.9494526,,,,,(047)334-1224,,,,,,,,,,,,,,,,,,,,,,,,,,,,http://www.midorikg.com/,,,404
122033,,市川市,国府台文化幼稚園,ｺｳﾉﾀﾞｲﾌﾞﾝｶﾖｳﾁｴﾝ,,私立幼稚園,122033,,千葉県市川市中国分3丁目6-24,千葉県,市川市,中国分3丁目,6-24,,35.75331925,139.9096856,,,,,(047)372-7005,,,,,,,,,,,,,,,,,,,,,,,,,,,,http://www.kidslink.jp/kounodai-bunka/,,,405
122033,,市川市,つくし幼稚園,ﾂｸｼﾖｳﾁｴﾝ,,私立幼稚園,122033,,千葉県市川市大和田3丁目3-3,千葉県,市川市,大和田3丁目,3-3,,35.718034,139.9187727,,,,,(047)376-5922,,,,,,,,,,,,,,,,,,,,,,,,,,,,https://tsukushi-kg.net/,,,406
122033,,市川市,昭和学院幼稚園,ｼｮｳﾜｶﾞｸｲﾝﾖｳﾁｴﾝ,,私立幼稚園,122033,,千葉県市川市宮久保1丁目3-8,千葉県,市川市,宮久保1丁目,3-8,,35.7356171,139.9308165,,,,,(047)374-8300,,,,,,,,,,,,,,,,,,,,,,,,,,,,http://www.showagakuin-kg.jp/,,,407
122033,,市川市,市川聖マリヤ幼稚園,ｲﾁｶﾜｾｲﾏﾘﾔﾖｳﾁｴﾝ,,私立幼稚園,122033,,千葉県市川市八幡3丁目19-12,千葉県,市川市,八幡3丁目,19-12,,35.72454013,139.9264885,,,,,(047)323-5371,,,,,,,,,,,,,,,,,,,,,,,,,,,,https://ichikawa-stmary.org/,,,408
122033,,市川市,真間山幼稚園,ﾏﾏｻﾝﾖｳﾁｴﾝ,,私立幼稚園,122033,,千葉県市川市真間4丁目9-1,千葉県,市川市,真間4丁目,9-1,,35.74043842,139.9067301,,,,,(047)371-7251,,,,,,,,,,,,,,,,,,,,,,,,,,,,https://mamasan.ed.jp/,,,409
122033,,市川市,共立幼稚園,ｷｮｳﾘﾂﾖｳﾁｴﾝ,,私立幼稚園,122033,,千葉県市川市新田4丁目15-27,千葉県,市川市,新田4丁目,15-27,,35.7248416,139.9095807,,,,,(047)377-0851,,,,,,,,,,,,,,,,,,,,,,,,,,,,http://kyouritsu-youchien.com/,,,413
122033,,市川市,曽谷幼稚園,ｿﾔﾖｳﾁｴﾝ,,私立幼稚園,122033,,千葉県市川市曽谷1丁目4-1,千葉県,市川市,曽谷1丁目,4-1,,35.74045322,139.9339516,,,,,(047)371-5440,,,,,,,,,,,,,,,,,,,,,,,,,,,,http://soya-kindergarten.jp/,,,414
122033,,市川市,大町不二幼稚園,ｵｵﾏﾁﾌｼﾞﾖｳﾁｴﾝ,,私立幼稚園,122033,,千葉県市川市大町103,千葉県,市川市,大町,103,,35.77501394,139.9585533,,,,,(047)337-8337,,,,,,,,,,,,,,,,,,,,,,,,,,,,https://oomachi-fujiyo.com/,,,416
122033,,市川市,わかたけ幼稚園,ﾜｶﾀｹﾖｳﾁｴﾝ,,私立幼稚園,122033,,千葉県市川市北方町4丁目1798,千葉県,市川市,北方町4丁目,1798,,35.72955209,139.9565491,,,,,(047)338-1661,,,,,,,,,,,,,,,,,,,,,,,,,,,,http://wakatakekids.sakura.ne.jp/,,,418
122033,,市川市,ソフィア幼稚園,ｿﾌｨｱﾖｳﾁｴﾝ,,私立幼稚園,122033,,千葉県市川市稲荷木3丁目22-5,千葉県,市川市,稲荷木3丁目,22-5,,35.71024184,139.9185136,,,,,(047)379-1015,,,,,,,,,,,,,,,,,,,,,,,,,,,,http://www.sophia.ed.jp/#1,,,419
122033,,市川市,浄光寺幼稚園,ｼﾞｮｳｺｳｼﾞﾖｳﾁｴﾝ,,私立幼稚園,122033,,千葉県市川市大野町3丁目1917,千葉県,市川市,大野町3丁目,1917,,35.75369725,139.9553198,,,,,(047)337-8413,,,,,,,,,,,,,,,,,,,,,,,,,,,,http://www.jyokoji.ed.jp/,,,421
122033,,市川市,国分幼稚園,ｺｸﾌﾞﾝﾖｳﾁｴﾝ,,私立幼稚園,122033,,千葉県市川市曽谷5丁目32-18,千葉県,市川市,曽谷5丁目,32-18,,35.75055486,139.9275302,,,,,(047)373-1481,,,,,,,,,,,,,,,,,,,,,,,,,,,,https://www.kokubun-monte.jp/,,,422
122033,,市川市,いなほ幼稚園,ｲﾅﾎﾖｳﾁｴﾝ,,私立幼稚園,122033,,千葉県市川市国分3丁目4-12,千葉県,市川市,国分3丁目,4-12,,35.74283972,139.9121853,,,,,(047)373-2201,,,,,,,,,,,,,,,,,,,,,,,,,,,,https://inaho.ed.jp/,,,423
122033,,市川市,築葉根幼稚園,ﾂｸﾊﾞﾈﾖｳﾁｴﾝ,,私立幼稚園,122033,,千葉県市川市北方町4丁目2171,千葉県,市川市,北方町4丁目,2171,,35.73760198,139.9569953,,,,,(047)338-4800,,,,,,,,,,,,,,,,,,,,,,,,,,,,http://www.tukubane.ed.jp/,,,425
122033,,市川市,原木幼稚園,ﾊﾞﾗｷﾖｳﾁｴﾝ,,私立幼稚園,122033,,千葉県市川市原木1丁目8-1,千葉県,市川市,原木1丁目,8-1,,35.70339321,139.9432814,,,,,(047)327-1291,,,,,,,,,,,,,,,,,,,,,,,,,,,,https://www.baraki-youchien.ed.jp/,,,426
122033,,市川市,東浜幼稚園,ﾋｶﾞｼﾊﾏﾖｳﾁｴﾝ,,私立幼稚園,122033,,千葉県市川市行徳駅前3丁目12-14,千葉県,市川市,行徳駅前3丁目,12-14,,35.68046201,139.9202771,,,,,(047)396-5321,,,,,,,,,,,,,,,,,,,,,,,,,,,,https://www.ans.co.jp/k/higashihama/,,,428
122033,,市川市,三愛幼稚園,ｻﾝｱｲﾖｳﾁｴﾝ,,私立幼稚園,122033,,千葉県市川市東国分1丁目20-12,千葉県,市川市,東国分1丁目,20-12,,35.74271306,139.9219888,,,,,(047)373-7272,,,,,,,,,,,,,,,,,,,,,,,,,,,,http://www.sanaiyouchien.ed.jp/,,,429
122033,,市川市,塩浜幼稚園,ｼｵﾊﾏﾖｳﾁｴﾝ,,私立幼稚園,122033,,千葉県市川市塩浜4丁目2-28-101,千葉県,市川市,塩浜4丁目,2-28-101,,35.66283452,139.907984,,,,,(047)399-2578,,,,,,,,,,,,,,,,,,,,,,,,,,,,https://shiohama-youchien.ed.jp/index.html,,,430
122033,,市川市,筑波大学附属聴覚特別支援学校幼稚部,ﾂｸﾊﾞﾀﾞｲｶﾞｸﾌｿﾞｸﾁｮｳｶｸﾄｸﾍﾞﾂｼｴﾝｶﾞｯｺｳﾖｳﾁﾌﾞ,,私立幼稚園,122033,,千葉県市川市国府台2丁目2-1,千葉県,市川市,国府台2丁目,2-1,,35.74219369,139.9033922,,,,,(047)371-4138,,,,,,,,,,,,,,,,,,,,,,,,,,,,http://www.deaf-s.tsukuba.ac.jp/youchibu/,,,431
122033,,市川市,市川市立平田保育園,ﾋﾗﾀﾎｲｸｴﾝ,,認可公立保育所,122033,,千葉県市川市平田1丁目20-16,千葉県,市川市,平田1丁目,20-16,,35.72473525,139.9194637,,,,,(047)324-1311,,,,,,,,,,,,,,,,,,,,,,,,,,,,http://www.city.ichikawa.lg.jp/chi03/1551000003.html,,,124
122033,,市川市,市川市立北方保育園,ｷﾀｶﾀﾎｲｸｴﾝ,,認可公立保育所,122033,,千葉県市川市北方1丁目12-1,千葉県,市川市,北方1丁目,12-1,,35.72203439,139.93813,,,,,(047)334-6616,,,,,,,,,,,,,,,,,,,,,,,,,,,,http://www.city.ichikawa.lg.jp/chi03/1521000004.html,,,125
122033,,市川市,市川市立若宮保育園,ﾜｶﾐﾔﾎｲｸｴﾝ,,認可公立保育所,122033,,千葉県市川市若宮3丁目７-6,千葉県,市川市,若宮3丁目,７-6,,35.72425714,139.9517289,,,,,(047)334-2115,,,,,,,,,,,,,,,,,,,,,,,,,,,,http://www.city.ichikawa.lg.jp/chi03/1531000004.html,,,127
122033,,市川市,市川市立大洲保育園,ｵｵｽﾎｲｸｴﾝ,,認可公立保育所,122033,,千葉県市川市大洲2丁目3-8,千葉県,市川市,大洲2丁目,3-8,,35.71606033,139.9118171,,,,,(047)378-3331,,,,,,,,,,,,,,,,,,,,,,,,,,,,http://www.city.ichikawa.lg.jp/chi03/1511000005.html,,,128
122033,,市川市,市川市立富貴島保育園,ﾌｷｼﾏﾎｲｸｴﾝ,,認可公立保育所,122033,,千葉県市川市八幡6丁目14-19,千葉県,市川市,八幡6丁目,14-19,,35.72846333,139.9355406,,,,,(047)336-1144,,,,,,,,,,,,,,,,,,,,,,,,,,,,http://www.city.ichikawa.lg.jp/chi03/1541000004.html,,,129
122033,,市川市,南八幡さくら保育園,ﾐﾅﾐﾔﾜﾀｻｸﾗﾎｲｸｴﾝ,,認可私立保育所,122033,,千葉県市川市南八幡3丁目9-1,千葉県,市川市,南八幡3丁目,9-1,,35.71921736,139.9292467,,,,,(047)314-4190,,,,,,,,,,,,,,,,,,,,,,,,,,,,,,,130
122033,,市川市,市川市立中国分保育園,ﾅｶｺｸﾌﾞﾝﾎｲｸｴﾝ,,認可公立保育所,122033,,千葉県市川市中国分2丁目13-1,千葉県,市川市,中国分2丁目,13-1,,35.74875247,139.9123357,,,,,(047)372-7947,,,,,,,,,,,,,,,,,,,,,,,,,,,,http://www.city.ichikawa.lg.jp/chi03/1541000003.html,,,131
122033,,市川市,市川市立大和田保育園,ｵｵﾜﾀﾞﾎｲｸｴﾝ,,認可公立保育所,122033,,千葉県市川市大和田4丁目4-1,千葉県,市川市,大和田4丁目,4-1,,35.71868025,139.9163734,,,,,(047)377-1700,,,,,,,,,,,,,,,,,,,,,,,,,,,,http://www.city.ichikawa.lg.jp/chi03/1521000005.html,,,132
122033,,市川市,市川市立新田保育園,ｼﾝﾃﾞﾝﾎｲｸｴﾝ,,認可公立保育所,122033,,千葉県市川市新田3丁目21-1,千葉県,市川市,新田3丁目,21-1,,35.72353264,139.9118244,,,,,(047)370-4557,,,,,,,,,,,,,,,,,,,,,,,,,,,,http://www.city.ichikawa.lg.jp/chi03/1531000005.html,,,133
122033,,市川市,市川市立鬼高保育園,ｵﾆﾀｶﾎｲｸｴﾝ,,認可公立保育所,122033,,千葉県市川市鬼高1丁目11-20,千葉県,市川市,鬼高1丁目,11-20,,35.71144831,139.9322476,,,,,(047)378-8186,,,,,,,,,,,,,,,,,,,,,,,,,,,,http://www.city.ichikawa.lg.jp/chi03/1511000006.html,,,134
122033,,市川市,市川市立行徳保育園,ｷﾞｮｳﾄｸﾎｲｸｴﾝ,,認可公立保育所,122033,,千葉県市川市行徳駅前4丁目22-1７,千葉県,市川市,行徳駅前4丁目,22-1７,,35.678463,139.9136693,,,,,(047)395-4843,,,,,,,,,,,,,,,,,,,,,,,,,,,,http://www.city.ichikawa.lg.jp/chi03/1551000006.html,,,135
122033,,市川市,市川市立曽谷保育園,ｿﾔﾎｲｸｴﾝ,,認可公立保育所,122033,,千葉県市川市曽谷７丁目28-15,千葉県,市川市,曽谷７丁目,28-15,,35.74847236,139.9259245,,,,,(047)373-5530,,,,,,,,,,,,,,,,,,,,,,,,,,,,http://www.city.ichikawa.lg.jp/chi03/1531000003.html,,,136
122033,,市川市,市川市立本北方保育園,ﾓﾄｷﾀｶﾀﾎｲｸｴﾝ,,認可公立保育所,122033,,千葉県市川市本北方2丁目40-23,千葉県,市川市,本北方2丁目,40-23,,35.73016264,139.9501569,,,,,(047)338-5982,,,,,,,,,,,,,,,,,,,,,,,,,,,,http://www.city.ichikawa.lg.jp/chi03/1551000004.html,,,138
122033,,市川市,市川市立菅野保育園,ｽｶﾞﾉﾎｲｸｴﾝ,,認可公立保育所,122033,,千葉県市川市菅野4丁目12-16,千葉県,市川市,菅野4丁目,12-16,,35.73286875,139.9272661,,,,,(047)326-4452,,,,,,,,,,,,,,,,,,,,,,,,,,,,http://www.city.ichikawa.lg.jp/chi03/1511000004.html,,,140
122033,,市川市,市川市立塩焼保育園,ｼｵﾔｷﾎｲｸｴﾝ,,認可公立保育所,122033,,千葉県市川市塩焼2丁目2-5,千葉県,市川市,塩焼2丁目,2-5,,35.68830583,139.9263963,,,,,(047)396-0169,,,,,,,,,,,,,,,,,,,,,,,,,,,,http://www.city.ichikawa.lg.jp/chi03/1531000006.html,,,142
122033,,市川市,市川市立稲荷木保育園,ﾄｳｶｷﾞﾎｲｸｴﾝ,,認可公立保育所,122033,,千葉県市川市稲荷木1丁目26-16,千葉県,市川市,稲荷木1丁目,26-16,,35.71164358,139.9246551,,,,,(047)377-5070,,,,,,,,,,,,,,,,,,,,,,,,,,,,http://www.city.ichikawa.lg.jp/chi03/1521000006.html,,,143
122033,,市川市,市川市立新田第2保育園,ｼﾝﾃﾞﾝﾀﾞｲﾆﾎｲｸｴﾝ,,認可公立保育所,122033,,千葉県市川市新田2丁目1-24,千葉県,市川市,新田2丁目,1-24,,35.72526019,139.9164024,,,,,(047)376-9036,,,,,,,,,,,,,,,,,,,,,,,,,,,,http://www.city.ichikawa.lg.jp/chi03/1541000005.html,,,144
122033,,市川市,市川市立塩焼第2保育園,ｼｵﾔｷﾀﾞｲﾆﾎｲｸｴﾝ,,認可公立保育所,122033,,千葉県市川市塩焼3丁目11-15,千葉県,市川市,塩焼3丁目,11-15,,35.68533269,139.9245588,,,,,(047)395-5176,,,,,,,,,,,,,,,,,,,,,,,,,,,,http://www.city.ichikawa.lg.jp/chi03/1541000006.html,,,145
122033,,市川市,市川市立塩浜保育園,ｼｵﾊﾏﾎｲｸｴﾝ,,認可公立保育所,122033,,千葉県市川市塩浜4丁目2-10-101,千葉県,市川市,塩浜4丁目,2-10-101,,35.66312311,139.9113897,,,,,(047)397-2628,,,,,,,,,,,,,,,,,,,,,,,,,,,,http://www.city.ichikawa.lg.jp/chi03/1211000003.html,,,146
122033,,市川市,市川市立大野保育園,ｵｵﾉﾎｲｸｴﾝ,,認可公立保育所,122033,,千葉県市川市南大野2丁目4-5,千葉県,市川市,南大野2丁目,4-5,,35.74288706,139.953028,,,,,(047)337-4551,,,,,,,,,,,,,,,,,,,,,,,,,,,,http://www.city.ichikawa.lg.jp/chi03/1511000003.html,,,147
122033,,市川市,市川市立大野保育園分園,ｵｵﾉﾎｲｸｴﾝﾌﾞﾝｴﾝ,,認可公立保育所,122033,,千葉県市川市南大野1丁目42-1,千葉県,市川市,南大野1丁目,42-1,,35.7422315,139.9505283,,,,,(047)303-8231,,,,,,,,,,,,,,,,,,,,,,,,,,,,http://www.city.ichikawa.lg.jp/chi03/1521000003.html,,,148
122033,,市川市,市川市立香取保育園,ｶﾝﾄﾞﾘﾎｲｸｴﾝ,,認可公立保育所,122033,,千葉県市川市香取2丁目6-25,千葉県,市川市,香取2丁目,6-25,,35.67957464,139.9091299,,,,,(047)357-4191,,,,,,,,,,,,,,,,,,,,,,,,,,,,http://www.city.ichikawa.lg.jp/chi03/1221000003.html,,,151
122033,,市川市,市川保育園,ｲﾁｶﾜﾎｲｸｴﾝ,,認可私立保育所,122033,,千葉県市川市市川2丁目24-12,千葉県,市川市,市川2丁目,24-12,,35.73266717,139.9037509,,,,,(047)322-3363,,,,,,,,,,,,,,,,,,,,,,,,,,,,,,,126
122033,,市川市,かいづか保育園,ｶｲﾂﾞｶﾎｲｸｴﾝ,,認可私立保育所,122033,,千葉県市川市下貝塚3丁目9-3,千葉県,市川市,下貝塚3丁目,9-3,,35.7413427,139.9466861,,,,,(047)318-5766,,,,,,,,,,,,,,,,,,,,,,,,,,,,,,,175
122033,,市川市,かけまま保育園,ｶｹﾏﾏﾎｲｸｴﾝ,,認可私立保育所,122033,,千葉県市川市欠真間2丁目25-8,千葉県,市川市,欠真間2丁目,25-8,,35.67647606,139.9029972,,,,,(047)359-0378,,,,,,,,,,,,,,,,,,,,,,,,,,,,,,,141
122033,,市川市,行徳第二保育園,ｷﾞｮｳﾄｸﾀﾞｲﾆﾎｲｸｴﾝ,,認可私立保育所,122033,,千葉県市川市行徳駅前4丁目26-10,千葉県,市川市,行徳駅前4丁目,26-10,,35.6756785,139.9146564,,,,,(047)397-6671,,,,,,,,,,,,,,,,,,,,,,,,,,,,,,,149
122033,,市川市,行徳第二保育園分園,ｷﾞｮｳﾄｸﾀﾞｲﾆﾎｲｸｴﾝﾌﾞﾝｴﾝ,,認可私立保育所,122033,,千葉県市川市新浜1丁目26-1,千葉県,市川市,新浜1丁目,26-1,,35.67404991,139.9161065,,,,,(047)701-5243,,,,,,,,,,,,,,,,,,,,,,,,,,,,,,,150
122033,,市川市,国府台保育園,ｺｳﾉﾀﾞｲﾎｲｸｴﾝ,,認可私立保育所,122033,,千葉県市川市国府台2丁目9-13,千葉県,市川市,国府台2丁目,9-13,,35.74636362,139.9006747,,,,,(047)372-3740,,,,,,,,,,,,,,,,,,,,,,,,,,,,,,,154
122033,,市川市,行徳あけぼの保育園,ｷﾞｮｳﾄｸｱｹﾎﾞﾉﾎｲｸｴﾝ,,認可私立保育所,122033,,千葉県市川市関ヶ島７-3,千葉県,市川市,関ヶ島,７-3,,35.68941099,139.9166618,,,,,(047)357-2283,,,,,,,,,,,,,,,,,,,,,,,,,,,,,,,155
122033,,市川市,新井保育園,ｱﾗｲﾎｲｸｴﾝ,,認可私立保育所,122033,,千葉県市川市新井2丁目1-21,千葉県,市川市,新井2丁目,1-21,,35.67751313,139.8947263,,,,,(047)357-3211,,,,,,,,,,,,,,,,,,,,,,,,,,,,,,,156
122033,,市川市,さかえ保育園,ｻｶｴﾎｲｸｴﾝ,,認可私立保育所,122033,,千葉県市川市北国分1丁目12-23,千葉県,市川市,北国分1丁目,12-23,,35.7591514,139.9030468,,,,,(047)373-0149,,,,,,,,,,,,,,,,,,,,,,,,,,,,,,,158
122033,,市川市,つくし保育園,ﾂｸｼﾎｲｸｴﾝ,,認可私立保育所,122033,,千葉県市川市東国分1丁目21-22,千葉県,市川市,東国分1丁目,21-22,,35.74252902,139.923603,,,,,(047)373-1659,,,,,,,,,,,,,,,,,,,,,,,,,,,,,,,159
122033,,市川市,まきば保育園,ﾏｷﾊﾞﾎｲｸｴﾝ,,認可私立保育所,122033,,千葉県市川市須和田1丁目29-15,千葉県,市川市,須和田1丁目,29-15,,35.73819536,139.9216305,,,,,(047)372-6012,,,,,,,,,,,,,,,,,,,,,,,,,,,,,,,160
122033,,市川市,愛泉保育園,ｱｲｾﾝﾎｲｸｴﾝ,,認可私立保育所,122033,,千葉県市川市幸2丁目8-1７,千葉県,市川市,幸2丁目,8-1７,,35.67890766,139.9263411,,,,,(047)396-2222,,,,,,,,,,,,,,,,,,,,,,,,,,,,,,,161
122033,,市川市,百合台保育園,ﾕﾘﾀﾞｲﾎｲｸｴﾝ,,認可私立保育所,122033,,千葉県市川市曽谷3丁目11-1,千葉県,市川市,曽谷3丁目,11-1,,35.74305766,139.9332368,,,,,(047)374-0789,,,,,,,,,,,,,,,,,,,,,,,,,,,,,,,162
122033,,市川市,ときわ保育園,ﾄｷﾜﾎｲｸｴﾝ,,認可私立保育所,122033,,千葉県市川市若宮2丁目19-13,千葉県,市川市,若宮2丁目,19-13,,35.72165238,139.9548541,,,,,(047)332-3030,,,,,,,,,,,,,,,,,,,,,,,,,,,,,,,163
122033,,市川市,仁保育園,ｼﾞﾝﾎｲｸｴﾝ,,認可私立保育所,122033,,千葉県市川市南行徳1丁目10-5,千葉県,市川市,南行徳1丁目,10-5,,35.67318989,139.9049344,,,,,(047)396-1241,,,,,,,,,,,,,,,,,,,,,,,,,,,,,,,164
122033,,市川市,原木保育園,ﾊﾞﾗｷﾎｲｸｴﾝ,,認可私立保育所,122033,,千葉県市川市田尻5丁目15-9,千葉県,市川市,田尻5丁目,15-9,,35.70211708,139.9348285,,,,,(047)379-5413,,,,,,,,,,,,,,,,,,,,,,,,,,,,,,,165
122033,,市川市,杉の木保育園,ｽｷﾞﾉｷﾎｲｸｴﾝ,,認可私立保育所,122033,,千葉県市川市鬼高3丁目18-1７,千葉県,市川市,鬼高3丁目,18-1７,,35.71083707,139.9352698,,,,,(047)377-5933,,,,,,,,,,,,,,,,,,,,,,,,,,,,,,,166
122033,,市川市,柏井保育園,ｶｼﾜｲﾎｲｸｴﾝ,,認可私立保育所,122033,,千葉県市川市柏井町2丁目７18-3,千葉県,市川市,柏井町2丁目,７18-3,,35.74214395,139.9677678,,,,,(047)337-6541,,,,,,,,,,,,,,,,,,,,,,,,,,,,,,,167
122033,,市川市,花の子保育園,ﾊﾅﾉｺﾎｲｸｴﾝ,,認可私立保育所,122033,,千葉県市川市大野町3丁目1668-1,千葉県,市川市,大野町3丁目,1668-1,,35.75638483,139.9520826,,,,,(047)337-4188,,,,,,,,,,,,,,,,,,,,,,,,,,,,,,,168
122033,,市川市,明徳本八幡駅保育園,ﾒｲﾄｸﾓﾄﾔﾜﾀｴｷﾎｲｸｴﾝ,,認可私立保育所,122033,,千葉県市川市八幡2丁目11-2,千葉県,市川市,八幡2丁目,11-2,,35.72023448,139.9289099,,,,,(047)318-0110,,,,,,,,,,,,,,,,,,,,,,,,,,,,,,,169
122033,,市川市,わたぐも保育園,ﾜﾀｸﾞﾓﾎｲｸｴﾝ,,認可私立保育所,122033,,千葉県市川市原木2丁目10-13,千葉県,市川市,原木2丁目,10-13,,35.70063158,139.9466445,,,,,(047)329-6006,,,,,,,,,,,,,,,,,,,,,,,,,,,,,,,170
122033,,市川市,アップルナースリー保育園,ｱｯﾌﾟﾙﾅｰｽﾘｰﾎｲｸｴﾝ,,認可私立保育所,122033,,千葉県市川市相之川4丁目3-11F,千葉県,市川市,相之川4丁目,3-1,1F,35.67410947,139.9019405,,,,,(047)359-0635,,,,,,,,,,,,,,,,,,,,,,,,,,,,,,,171
122033,,市川市,すえひろ保育園,ｽｴﾋﾛﾎｲｸｴﾝ,,認可私立保育所,122033,,千葉県市川市末広1丁目1-48,千葉県,市川市,末広1丁目,1-48,,35.68688151,139.9178389,,,,,(047)356-4152,,,,,,,,,,,,,,,,,,,,,,,,,,,,,,,172
122033,,市川市,さくらんぼ保育園,ｻｸﾗﾝﾎﾞﾎｲｸｴﾝ,,認可私立保育所,122033,,千葉県市川市市川南2丁目6-22,千葉県,市川市,市川南2丁目,6-22,,35.72339528,139.9047895,,,,,(047)322-3334,,,,,,,,,,,,,,,,,,,,,,,,,,,,,,,173
122033,,市川市,じゃんぐる保育園,ｼﾞｬﾝｸﾞﾙﾎｲｸｴﾝ,,認可私立保育所,122033,,千葉県市川市妙典4丁目10-4-102,千葉県,市川市,妙典4丁目,10-4-102,,35.6906108,139.9294038,,,,,(047)397-1940,,,,,,,,,,,,,,,,,,,,,,,,,,,,,,,174
122033,,市川市,うみかぜ保育園,ｳﾐｶｾﾞﾎｲｸｴﾝ,,認可私立保育所,122033,,千葉県市川市原木1丁目15-24,千葉県,市川市,原木1丁目,15-24,,35.7032804,139.945177,,,,,(047)328-2562,,,,,,,,,,,,,,,,,,,,,,,,,,,,,,,176
122033,,市川市,キッド・ステイ南行徳保育園,ｷｯﾄﾞｽﾃｲﾐﾅﾐｷﾞｮｳﾄｸﾎｲｸｴﾝ,,認可私立保育所,122033,,千葉県市川市香取2丁目19-10,千葉県,市川市,香取2丁目,19-10,,35.67812057,139.908734,,,,,(047)390-1188,,,,,,,,,,,,,,,,,,,,,,,,,,,,,,,177
122033,,市川市,太陽の子保育園,ﾀｲﾖｳﾉｺﾎｲｸｴﾝ,,認可私立保育所,122033,,千葉県市川市相之川3丁目10-15,千葉県,市川市,相之川3丁目,10-15,,35.67542634,139.8993699,,,,,(047)357-0478,,,,,,,,,,,,,,,,,,,,,,,,,,,,,,,180
122033,,市川市,市川キッズステーション,ｲﾁｶﾜｷｯｽﾞｽﾃｰｼｮﾝ,,認可私立保育所,122033,,千葉県市川市市川南1丁目10-1ｻﾞ・ﾀﾜｰｽﾞｳｴｽﾄ3F,千葉県,市川市,市川南1丁目,10-1,ｻﾞ・ﾀﾜｰｽﾞｳｴｽﾄ3F,35.72916076,139.9063453,,,,,(047)322-8733,,,,,,,,,,,,,,,,,,,,,,,,,,,,,,,181
122033,,市川市,市川大野ナーサリースクール,ｲﾁｶﾜｵｵﾉﾅｰｻﾘｰｽｸｰﾙ,,認可私立保育所,122033,,千葉県市川市大野町 3丁目1425-2,千葉県,市川市,大野町 3丁目,1425-2,,35.75558565,139.9512048,,,,,(047)339-3331,,,,,,,,,,,,,,,,,,,,,,,,,,,,,,,182
122033,,市川市,広尾みらい保育園,ﾋﾛｵﾐﾗｲﾎｲｸｴﾝ,,認可私立保育所,122033,,千葉県市川市広尾 2丁目3-1,千葉県,市川市,広尾 2丁目,3-1,,35.67955437,139.8901252,,,,,(047)390-2772,,,,,,,,,,,,,,,,,,,,,,,,,,,,,,,183
122033,,市川市,あじさい保育園,ｱｼﾞｻｲﾎｲｸｴﾝ,,認可私立保育所,122033,,千葉県市川市妙典 5丁目12-16,千葉県,市川市,妙典 5丁目,12-16,,35.69060369,139.930951,,,,,(047)359-8231,,,,,,,,,,,,,,,,,,,,,,,,,,,,,,,184
122033,,市川市,キッド・ステイ原木中山保育園,ｷｯﾄﾞ･ｽﾃｲﾊﾞﾗｷﾅｶﾔﾏﾎｲｸｴﾝ,,認可私立保育所,122033,,千葉県市川市高谷 2丁目2-16,千葉県,市川市,高谷 2丁目,2-16,,35.69929141,139.9367802,,,,,(047)711-1180,,,,,,,,,,,,,,,,,,,,,,,,,,,,,,,185
122033,,市川市,アスク行徳保育園,ｱｽｸｷﾞｮｳﾄｸﾎｲｸｴﾝ,,認可私立保育所,122033,,千葉県市川市行徳駅前 1丁目5-14,千葉県,市川市,行徳駅前 1丁目,5-14,,35.68440323,139.9166928,,,,,(047)701-1117,,,,,,,,,,,,,,,,,,,,,,,,,,,,,,,186
122033,,市川市,アスク本八幡保育園,ｱｽｸﾓﾄﾔﾜﾀﾎｲｸｴﾝ,,認可私立保育所,122033,,千葉県市川市大和田 1丁目5-2,千葉県,市川市,大和田 1丁目,5-2,,35.71621431,139.9208161,,,,,(047)300-8737,,,,,,,,,,,,,,,,,,,,,,,,,,,,,,,187
122033,,市川市,ありのみ保育園,ｱﾘﾉﾐﾎｲｸｴﾝ,,認可私立保育所,122033,,千葉県市川市下貝塚 1丁目3-23,千葉県,市川市,下貝塚 1丁目,3-23,,35.74104354,139.9428876,,,,,(047)374-8700,,,,,,,,,,,,,,,,,,,,,,,,,,,,,,,188
122033,,市川市,市川どろんこ保育園,ｲﾁｶﾜﾄﾞﾛﾝｺﾎｲｸｴﾝ,,認可私立保育所,122033,,千葉県市川市鬼越 2丁目18-17,千葉県,市川市,鬼越 2丁目,18-17,,35.71753474,139.9355507,,,,,(047)302-7333,,,,,,,,,,,,,,,,,,,,,,,,,,,,,,,189
122033,,市川市,小学館アカデミーいちかわ南保育園,ｼｮｳｶﾞｸｶﾝｱｶﾃﾞﾐｰｲﾁｶﾜﾐﾅﾐﾎｲｸｴﾝ,,認可私立保育所,122033,,千葉県市川市市川南3丁目13-12,千葉県,市川市,市川南3丁目,13-12,,35.73130961,139.9008224,,,,,(047)325-8030,,,,,,,,,,,,,,,,,,,,,,,,,,,,,,,190
122033,,市川市,こうぜん保育園市川,ｺｳｾﾞﾝﾎｲｸｴﾝｲﾁｶﾜ,,認可私立保育所,122033,,千葉県市川市南大野 2丁目23-11,千葉県,市川市,南大野 2丁目,23-11,,35.74634225,139.9495148,,,,,(047)701-5920,,,,,,,,,,,,,,,,,,,,,,,,,,,,,,,191
122033,,市川市,グローバルキッズ南行徳園,ｸﾞﾛｰﾊﾞﾙｷｯｽﾞﾐﾅﾐｷﾞｮｳﾄｸｴﾝ,,認可私立保育所,122033,,千葉県市川市欠真間 1丁目4-7,千葉県,市川市,欠真間 1丁目,4-7,,35.67930497,139.9026731,,,,,(047)395-5777,,,,,,,,,,,,,,,,,,,,,,,,,,,,,,,192
122033,,市川市,保育ルームフェリーチェ京成八幡園,ﾎｲｸﾙｰﾑﾌｪﾘｰﾁｪｹｲｾｲﾔﾜﾀｴﾝ,,認可私立保育所,122033,,千葉県市川市八幡 3丁目25-12,千葉県,市川市,八幡 3丁目,25-12,,35.72496057,139.9273738,,,,,(047)322-0727,,,,,,,,,,,,,,,,,,,,,,,,,,,,,,,193
122033,,市川市,保育ルームフェリーチェ行徳園,ﾎｲｸﾙｰﾑﾌｪﾘｰﾁｪｷﾞｮｳﾄｸｴﾝ,,認可私立保育所,122033,,千葉県市川市湊 3丁目1１F,千葉県,市川市,湊 3丁目,1１F,,35.68502346,139.9124408,,,,,(047)398-7130,,,,,,,,,,,,,,,,,,,,,,,,,,,,,,,194
122033,,市川市,キッド・ステイ妙典保育園,ｷｯﾄﾞ・ｽﾃｲﾐｮｳﾃﾞﾝﾎｲｸｴﾝ,,認可私立保育所,122033,,千葉県市川市富浜 2丁目5-28,千葉県,市川市,富浜 2丁目,5-28,,35.68920374,139.9220923,,,,,(047)701-1188,,,,,,,,,,,,,,,,,,,,,,,,,,,,,,,195
122033,,市川市,つばさ保育園,ﾂﾊﾞｻﾎｲｸｴﾝ,,認可私立保育所,122033,,千葉県市川市南行徳 3丁目12-12,千葉県,市川市,南行徳 3丁目,12-12,,35.66884946,139.9024549,,,,,(047)396-2980,,,,,,,,,,,,,,,,,,,,,,,,,,,,,,,196
122033,,市川市,保育ルームフェリーチェ南行徳園,ﾎｲｸﾙｰﾑﾌｪﾘｰﾁｪﾐﾅﾐｷﾞｮｳﾄｸｴﾝ,,認可私立保育所,122033,,千葉県市川市南行徳 1丁目12-21F,千葉県,市川市,南行徳 1丁目,12-2,1F,35.67240578,139.9057907,,,,,(047)396-0044,,,,,,,,,,,,,,,,,,,,,,,,,,,,,,,197
122033,,市川市,北国分駅前しゃりっこ保育園,ｷﾀｺｸﾌﾞﾝｴｷﾏｴｼｬﾘｯｺﾎｲｸｴﾝ,,認可私立保育所,122033,,千葉県市川市堀之内3丁目18-25 1・2F,千葉県,市川市,堀之内3丁目,18-25 ,1・2F,35.76215499,139.9142367,,,,,(047)712-1682,,,,,,,,,,,,,,,,,,,,,,,,,,,,,,,198
122033,,市川市,ひまわりキッズ保育園,ﾋﾏﾜﾘｷｯｽﾞﾎｲｸｴﾝ,,認可私立保育所,122033,,千葉県市川市行徳駅前2丁目9-6,千葉県,市川市,行徳駅前2丁目,9-6,,35.68056947,139.9158027,,,,,(047)359-9101,,,,,,,,,,,,,,,,,,,,,,,,,,,,,,,199
122033,,市川市,Milky Way International Nursery School 市川校,ﾐﾙｷｰ ｳｪｲ ｲﾝﾀｰﾅｼｮﾅﾙ ﾅｰｻﾘｰｽｸｰﾙ ｲﾁｶﾜｺｳ,,認可私立保育所,122033,,千葉県市川市新田5丁目6-23　1F,千葉県,市川市,新田5丁目,6-23　,1F,35.7295606,139.9118784,,,,,(047)318-9222,,,,,,,,,,,,,,,,,,,,,,,,,,,,,,,200
122033,,市川市,K's garden 真間駅前保育園,ｹｰｽﾞｶﾞｰﾃﾞﾝﾏﾏｴｷﾏｴﾎｲｸｴﾝ,,認可私立保育所,122033,,千葉県市川市真間1丁目12-41F,千葉県,市川市,真間1丁目,12-4,1F,35.73216294,139.9109652,,,,,(047)704-9966,,,,,,,,,,,,,,,,,,,,,,,,,,,,,,,201
122033,,市川市,そらまめ保育園市川大野,ｿﾗﾏﾒﾎｲｸｴﾝｲﾁｶﾜｵｵﾉ,,認可私立保育所,122033,,千葉県市川市奉免町116-2,千葉県,市川市,奉免町,116-2,,35.74216804,139.9548938,,,,,(047)337-2822,,,,,,,,,,,,,,,,,,,,,,,,,,,,,,,202
122033,,市川市,聖和保育園,ｾｲﾜﾎｲｸｴﾝ,,認可私立保育所,122033,,千葉県市川市新田5丁目4-2ﾚ･ｿｰﾙ市川,千葉県,市川市,新田5丁目,4-2,ﾚ･ｿｰﾙ市川,35.72919687,139.912687,,,,,(047)316-2578,,,,,,,,,,,,,,,,,,,,,,,,,,,,,,,203
122033,,市川市,メリーポピンズ市川ルーム,ﾒﾘｰﾎﾟﾋﾟﾝｽﾞ★ｲﾁｶﾜﾙｰﾑ,,認可私立保育所,122033,,千葉県市川市平田1丁目14-23　ＮＴＴ東日本市川ﾋﾞﾙ1階,千葉県,市川市,平田1丁目,14-23　,ＮＴＴ東日本市川ﾋﾞﾙ1階,35.72472905,139.9212242,,,,,(047)712-6231,,,,,,,,,,,,,,,,,,,,,,,,,,,,,,,205
122033,,市川市,キャリー保育園本八幡,ｷｬﾘｰﾎｲｸｴﾝﾓﾄﾔﾜﾀ,,認可私立保育所,122033,,千葉県市川市東菅野1丁目18-8　2F,千葉県,市川市,東菅野1丁目,18-8　,2F,35.72952076,139.9288843,,,,,(047)712-5505,,,,,,,,,,,,,,,,,,,,,,,,,,,,,,,206
122033,,市川市,ゆう保育園,ﾕｳﾎｲｸｴﾝ,,認可私立保育所,122033,,千葉県市川市妙典2丁目4-12,千葉県,市川市,妙典2丁目,4-12,,35.6959442,139.9269418,,,,,(047)704-8347,,,,,,,,,,,,,,,,,,,,,,,,,,,,,,,207
122033,,市川市,すみれキッズアカデミー,ｽﾐﾚｷｯｽﾞｱｶﾃﾞﾐｰ,,認可私立保育所,122033,,千葉県市川市宝1丁目10-21,千葉県,市川市,宝1丁目,10-21,,35.68299972,139.925222,,,,,(047)359-4972,,,,,,,,,,,,,,,,,,,,,,,,,,,,,,,208
122033,,市川市,若葉インターナショナル幼保園行徳園,ﾜｶﾊﾞｲﾝﾀｰﾅｼｮﾅﾙﾖｳﾎｴﾝｷﾞｮｳﾄｸｴﾝ,,認可私立保育所,122033,,千葉県市川市行徳駅前1丁目3-14,千葉県,市川市,行徳駅前1丁目,3-14,,35.68472278,139.9158807,,,,,(047)359-7700,,,,,,,,,,,,,,,,,,,,,,,,,,,,,,,209
122033,,市川市,みやくぼ保育園,ﾐﾔｸﾎﾞﾎｲｸｴﾝ,,認可私立保育所,122033,,千葉県市川市宮久保3丁目17-10,千葉県,市川市,宮久保3丁目,17-10,,35.73496997,139.9390638,,,,,(047)374-1510,,,,,,,,,,,,,,,,,,,,,,,,,,,,,,,139
122033,,市川市,湊新田保育園,ﾐﾅﾄｼﾝﾃﾞﾝﾎｲｸｴﾝ,,認可私立保育所,122033,,千葉県市川市湊新田2丁目8-3,千葉県,市川市,湊新田2丁目,8-3,,35.67882292,139.9112358,,,,,(047)307-3532,,,,,,,,,,,,,,,,,,,,,,,,,,,,,,,152
122033,,市川市,妙典保育園,ﾐｮｳﾃﾞﾝﾎｲｸｴﾝ,,認可私立保育所,122033,,千葉県市川市妙典6丁目2-45,千葉県,市川市,妙典6丁目,2-45,,35.6955592,139.9307205,,,,,(047)701-2311,,,,,,,,,,,,,,,,,,,,,,,,,,,,,,,153
122033,,市川市,さくらキッズ保育園,ｻｸﾗｷｯｽﾞﾎｲｸｴﾝ,,認可私立保育所,122033,,千葉県市川市行徳駅前1丁目8-17河幸第8ビル1階,千葉県,市川市,行徳駅前1丁目,8-17,河幸第8ビル1階,35.68356829,139.9178474,,,,,(047)711-2922,,,,,,,,,,,,,,,,,,,,,,,,,,,,,,,0
122033,,市川市,認可保育園トドラースリング,ﾆﾝｶﾎｲｸｴﾝﾄﾄﾞﾗｰｽﾘﾝｸﾞ,,認可私立保育所,122033,,千葉県市川市田尻4丁目16-71F,千葉県,市川市,田尻4丁目,16-7,1F,35.70227616,139.9378939,,,,,(047)702-9688,,,,,,,,,,,,,,,,,,,,,,,,,,,,,,,0
122033,,市川市,童夢ガーデン市川,ﾄﾞｳﾑｶﾞｰﾃﾞﾝｲﾁｶﾜ,,認可私立保育所,122033,,千葉県市川市市川南4丁目2-19,千葉県,市川市,市川南4丁目,2-19,,35.72625657,139.9019101,,,,,(047)383-9511,,,,,,,,,,,,,,,,,,,,,,,,,,,,,,,0
122033,,市川市,市川かえで保育園,ｲﾁｶﾜｶｴﾃﾞﾎｲｸｴﾝ,,認可私立保育所,122033,,千葉県市川市菅野5丁目10-1エクセレントタウン市川１F,千葉県,市川市,菅野5丁目,10-1,エクセレントタウン市川１F,35.73327676,139.9241074,,,,,(047)322-7088,,,,,,,,,,,,,,,,,,,,,,,,,,,,,,,0
122033,,市川市,原木中山こどもの木保育園,ﾊﾞﾗｷﾅｶﾔﾏｺﾄﾞﾓﾉｷﾎｲｸｴﾝ,,認可私立保育所,122033,,千葉県市川市田尻3丁目6-36,千葉県,市川市,田尻3丁目,6-36,,35.70600225,139.9354565,,,,,(047)379-5021,,,,,,,,,,,,,,,,,,,,,,,,,,,,,,,0
122033,,市川市,ちゃいれっく入船保育園,ﾁｬｲﾚｯｸｲﾘﾌﾈﾎｲｸｴﾝ,,認可私立保育所,122033,,千葉県市川市入船10-3,千葉県,市川市,入船,10-3,,35.67811199,139.9208712,,,,,(047)711-0241,,,,,,,,,,,,,,,,,,,,,,,,,,,,,,,0
122033,,市川市,京進のほいくえんHOPPA新浜,ｷｮｳｼﾝﾉﾎｲｸｴﾝﾎｯﾊﾟﾆｲﾊﾏ,,認可私立保育所,122033,,千葉県市川市新浜1丁目23-13　1F,千葉県,市川市,新浜1丁目,23-13　,1F,35.67449665,139.9145636,,,,,(047)702-9671,,,,,,,,,,,,,,,,,,,,,,,,,,,,,,,0
122033,,市川市,京進のほいくえんHOPPA南行徳駅前,ｷｮｳｼﾝﾉﾎｲｸｴﾝﾎｯﾊﾟﾐﾅﾐｷﾞｮｳﾄｸｴｷﾏｴ,,認可私立保育所,122033,,千葉県市川市新井3丁目4-1,千葉県,市川市,新井3丁目,4-1,,35.67249443,139.8997725,,,,,(047)307-9171,,,,,,,,,,,,,,,,,,,,,,,,,,,,,,,0
122033,,市川市,らいおんハート行徳駅前保育園,ﾗｲｵﾝﾊｰﾄｷﾞｮｳﾄｸｴｷﾏｴﾎｲｸｴﾝ,,認可私立保育所,122033,,千葉県市川市行徳駅前1丁目19-19ヴォーナ・ヴィータ行徳駅前2階,千葉県,市川市,行徳駅前1丁目,19-19,ヴォーナ・ヴィータ行徳駅前2階,35.68433058,139.9153097,,,,,(047)383-9120,,,,,,,,,,,,,,,,,,,,,,,,,,,,,,,0
122033,,市川市,ミルキーホーム本八幡みなみ園,ﾐﾙｷｰﾎｰﾑﾓﾄﾔﾜﾀﾐﾅﾐｴﾝ,,認可私立保育所,122033,,千葉県市川市南八幡3丁目12-21MC本八幡ビル1階,千葉県,市川市,南八幡3丁目,12-21,MC本八幡ビル1階,35.71859572,139.9279626,,,,,(047)378-7078,,,,,,,,,,,,,,,,,,,,,,,,,,,,,,,0
122033,,市川市,八幡南保育園,ﾔﾜﾀﾐﾅﾐﾎｲｸｴﾝ,,認可私立保育所,122033,,千葉県市川市平田3丁目4-14,千葉県,市川市,平田3丁目,4-14,,35.72176172,139.921574,,,,,(047)311-4010,,,,,,,,,,,,,,,,,,,,,,,,,,,,,,,0
122033,,市川市,いろはな保育園本八幡,ｲﾛﾊﾅﾎｲｸｴﾝﾓﾄﾔﾜﾀ,,認可私立保育所,122033,,千葉県市川市南八幡3丁目3-6,千葉県,市川市,南八幡3丁目,3-6,,35.71967821,139.929107,,,,,(047)712-6730,,,,,,,,,,,,,,,,,,,,,,,,,,,,,,,0
122033,,市川市,行徳ゆめの木保育園,ｷﾞｮｳﾄｸﾕﾒﾉｷﾎｲｸｴﾝ,,認可私立保育所,122033,,千葉県市川市湊2-9,千葉県,市川市,湊,2-9,,35.68526416,139.9121229,,,,,(047)318-2229,,,,,,,,,,,,,,,,,,,,,,,,,,,,,,,0
122033,,市川市,K's garden 鬼越保育園,ｹｰｽﾞｶﾞｰﾃﾞﾝｵﾆｺﾞｴﾎｲｸｴﾝ,,認可私立保育所,122033,,千葉県市川市高石神10-1,千葉県,市川市,高石神,10-1,,35.71915043,139.940486,,,,,(047)369-6366,,,,,,,,,,,,,,,,,,,,,,,,,,,,,,,0
122033,,市川市,AIAI NURSERY 北国分,ｱｲｱｲﾅｰｻﾘｰｷﾀｺｸﾌﾞｴﾝ,,認可私立保育所,122033,,千葉県市川市堀之内3丁目30-12-101インペリアル北国分,千葉県,市川市,堀之内3丁目,30-12-101,インペリアル北国分,35.7640277,139.9119472,,,,,(047)711-7335,,,,,,,,,,,,,,,,,,,,,,,,,,,,,,,0
122033,,市川市,市川なないろ保育園,ｲﾁｶﾜﾅﾅｲﾛﾎｲｸｴﾝ,,認可私立保育所,122033,,千葉県市川市新田3丁目15-5,千葉県,市川市,新田3丁目,15-5,,35.72301314,139.9125374,,,,,(047)377-3477,,,,,,,,,,,,,,,,,,,,,,,,,,,,,,,0
122033,,市川市,ソラストいちかわ保育園,ｿﾗｽﾄｲﾁｶﾜﾎｲｸｴﾝ,,認可私立保育所,122033,,千葉県市川市大洲1丁目12-3,千葉県,市川市,大洲1丁目,12-3,,35.7196798,139.9119796,,,,,(047)370-0770,,,,,,,,,,,,,,,,,,,,,,,,,,,,,,,0
122033,,市川市,デイジー保育園・市川市大和田,ﾃﾞｲｼﾞｰﾎｲｸｴﾝｲﾁｶﾜｼｵｵﾜﾀﾞ,,認可私立保育所,122033,,千葉県市川市大和田4丁目8-７,千葉県,市川市,大和田4丁目,8-７,,35.71904182,139.913886,,,,,(047)321-6310,,,,,,,,,,,,,,,,,,,,,,,,,,,,,,,0
122033,,市川市,AIAI NURSERY 菅野六丁目,ｱｲｱｲﾅｰｻﾘｰｽｶﾞﾉﾛｸﾁｮｳﾒ,,認可私立保育所,122033,,千葉県市川市菅野6丁目19-13,千葉県,市川市,菅野6丁目,19-13,,35.73520265,139.9148489,,,,,(047)325-9098,,,,,,,,,,,,,,,,,,,,,,,,,,,,,,,0
122033,,市川市,AIAI NURSERY 本八幡,ｱｲｱｲﾅｰｻﾘｰﾓﾄﾔﾜﾀ,,認可私立保育所,122033,,千葉県市川市八幡3丁目9-21,千葉県,市川市,八幡3丁目,9-21,,35.72295157,139.9242207,,,,,(047)321-4770,,,,,,,,,,,,,,,,,,,,,,,,,,,,,,,0
122033,,市川市,ベアキッズ保育園,ﾍﾞｱｷｯｽﾞﾎｲｸｴﾝ,,認可私立保育所,122033,,千葉県市川市鬼高2丁目13-16,千葉県,市川市,鬼高2丁目,13-16,,35.71514095,139.9380187,,,,,(047)702-8712,,,,,,,,,,,,,,,,,,,,,,,,,,,,,,,0
122033,,市川市,たかし保育園市川二俣,ﾀｶｼﾎｲｸｴﾝｲﾁｶﾜﾌﾀﾏﾀ,,認可私立保育所,122033,,千葉県市川市二俣2丁目11-6,千葉県,市川市,二俣2丁目,11-6,,35.7035037,139.957131,,,,,(047)702-5101,,,,,,,,,,,,,,,,,,,,,,,,,,,,,,,0
122033,,市川市,Milky Way International Nursery School 行徳校,ﾐﾙｷｰｳｪｲｲﾝﾀｰﾅｼｮﾅﾙﾅｰｻﾘｰｽｸｰﾙｷﾞｮｳﾄｸｺｳ,,認可私立保育所,122033,,千葉県市川市宝1丁目4-13,千葉県,市川市,宝1丁目,4-13,,35.68254988,139.9274987,,,,,(047)711-2136,,,,,,,,,,,,,,,,,,,,,,,,,,,,,,,0
122033,,市川市,第2行徳ゆめの木保育園,ﾀﾞｲﾆｷﾞｮｳﾄｸﾕﾒﾉｷﾎｲｸｴﾝ,,認可私立保育所,122033,,千葉県市川市行徳駅前2丁目8-9　2階,千葉県,市川市,行徳駅前2丁目,8-9　,2階,35.68101449,139.916462,,,,,(047)323-6323,,,,,,,,,,,,,,,,,,,,,,,,,,,,,,,0
122033,,市川市,まなびの森保育園行徳,ﾏﾅﾋﾞﾉﾓﾘﾎｲｸｴﾝｷﾞｮｳﾄｸ,,認可私立保育所,122033,,千葉県市川市行徳駅前3丁目7-9,千葉県,市川市,行徳駅前3丁目,7-9,,35.68039579,139.9179086,,,,,(047)711-1065,,,,,,,,,,,,,,,,,,,,,,,,,,,,,,,0
122033,,市川市,京進のほいくえんHOPPA末広,ｷｮｳｼﾝﾉﾎｲｸｴﾝﾎｯﾊﾟｽｴﾋﾛ,,認可私立保育所,122033,,千葉県市川市末広1丁目3-10,千葉県,市川市,末広1丁目,3-10,,35.68525578,139.918045,,,,,(047)303-3081,,,,,,,,,,,,,,,,,,,,,,,,,,,,,,,0
122033,,市川市,K's garden 行徳保育園,ｹｰｽﾞｶﾞｰﾃﾞﾝｷﾞｮｳﾄｸﾎｲｸｴﾝ,,認可私立保育所,122033,,千葉県市川市福栄1丁目15-16,千葉県,市川市,福栄1丁目,15-16,,35.67545958,139.9083051,,,,,(047)383-9666,,,,,,,,,,,,,,,,,,,,,,,,,,,,,,,0
122033,,市川市,みなみぎょうとく ゆずのき保育園,ﾐﾅﾐｷﾞｮｳﾄｸﾕｽﾞﾉｷﾎｲｸｴﾝ,,認可私立保育所,122033,,千葉県市川市相之川3丁目1-9 1階,千葉県,市川市,相之川3丁目,1-9 ,1階,35.67750064,139.8999206,,,,,(047)711-4170,,,,,,,,,,,,,,,,,,,,,,,,,,,,,,,0
122033,,市川市,スクルドエンジェル保育園南行徳園,ｽｸﾙﾄﾞｴﾝｼﾞｪﾙﾎｲｸｴﾝﾐﾅﾐｷﾞｮｳﾄｸｴﾝ,,認可私立保育所,122033,,千葉県市川市新井3丁目17?13,千葉県,市川市,新井3丁目,17?13,,35.67274559,139.8956536,,,,,(047)312-6862,,,,,,,,,,,,,,,,,,,,,,,,,,,,,,,0
122033,,市川市,京進のほいくえんHOPPA南大野,ｷｮｳｼﾝﾉﾎｲｸｴﾝﾎｯﾊﾟﾐﾅﾐｵｵﾉ,,認可私立保育所,122033,,千葉県市川市南大野2丁目3-1 3階,千葉県,市川市,南大野2丁目,3-1 ,3階,35.74380828,139.9545409,,,,,(047)382-5543,,,,,,,,,,,,,,,,,,,,,,,,,,,,,,,0
122033,,市川市,北国分駅前第二しゃりっこ保育園,ｷﾀｺｸﾌﾞﾝｴｷﾏｴﾀﾞｲﾆｼｬﾘｯｺﾎｲｸｴﾝ,,認可私立保育所,122033,,千葉県市川市堀之内3丁目26-31,千葉県,市川市,堀之内3丁目,26-31,,35.76268373,139.9126186,,,,,(047)712-1616,,,,,,,,,,,,,,,,,,,,,,,,,,,,,,,0
122033,,市川市,ミルキーホーム東菅野園,ﾐﾙｷｰﾎｰﾑﾋｶﾞｼｽｶﾞﾉｴﾝ,,認可私立保育所,122033,,千葉県市川市東菅野2丁目19-2,千葉県,市川市,東菅野2丁目,19-2,,35.73347764,139.9283778,,,,,(047)323-7755,,,,,,,,,,,,,,,,,,,,,,,,,,,,,,,0
122033,,市川市,ぽっかぽっかにっけ保育園北方,ﾎﾟｯｶﾎﾟｯｶﾆｯｹﾎｲｸｴﾝｷﾀｶﾀ,,認可私立保育所,122033,,千葉県市川市北方1丁目8-2,千葉県,市川市,北方1丁目,8-2,,35.72102703,139.9365179,,,,,(047)711-3711,,,,,,,,,,,,,,,,,,,,,,,,,,,,,,,0
122033,,市川市,ししの子保育園市川,ｼｼﾉｺﾎｲｸｴﾝｲﾁｶﾜ,,認可私立保育所,122033,,千葉県市川市大和田2丁目22-28,千葉県,市川市,大和田2丁目,22-28,,35.71224498,139.9160841,,,,,(047)374-3177,,,,,,,,,,,,,,,,,,,,,,,,,,,,,,,0
122033,,市川市,Milky Way International Nursery School 市川新田校,ﾐﾙｷｰｳｪｲｲﾝﾀｰﾅｼｮﾅﾙﾅｰｻﾘｰｽｸｰﾙｲﾁｶﾜｼﾝﾃﾞﾝｺｳ,,認可私立保育所,122033,,千葉県市川市新田5丁目9-8,千葉県,市川市,新田5丁目,9-8,,35.72815473,139.9120125,,,,,(047)329-2584,,,,,,,,,,,,,,,,,,,,,,,,,,,,,,,0
122033,,市川市,新田チャイルド保育園,ｼﾝﾃﾞﾝﾁｬｲﾙﾄﾞﾎｲｸｴﾝ,,認可私立保育所,122033,,千葉県市川市新田2丁目15-8,千葉県,市川市,新田2丁目,15-8,,35.72535561,139.9146023,,,,,(047)318-3930,,,,,,,,,,,,,,,,,,,,,,,,,,,,,,,0
122033,,市川市,市川妙典雲母保育園,ｲﾁｶﾜﾐｮｳﾃﾞﾝｷﾗﾗﾎｲｸｴﾝ,,認可私立保育所,122033,,千葉県市川市妙典4丁目16-16-102,千葉県,市川市,妙典4丁目,16-16-102,,35.68884976,139.9316581,,,,,(047)356-5321,,,,,,,,,,,,,,,,,,,,,,,,,,,,,,,0
122033,,市川市,京進のほいくえんHOPPA妙典駅,ｷｮｳｼﾝﾉﾎｲｸｴﾝﾎｯﾊﾟﾐｮｳﾃﾞﾝｴｷ,,認可私立保育所,122033,,千葉県市川市本塩15-16,千葉県,市川市,本塩,15-16,,35.69073471,139.9213727,,,,,(047)704-9580,,,,,,,,,,,,,,,,,,,,,,,,,,,,,,,0
122033,,市川市,ちゃいれっく末広保育園,ﾁｬｲﾚｯｸｽｴﾋﾛﾎｲｸｴﾝ,,認可私立保育所,122033,,千葉県市川市末広2丁目16-11,千葉県,市川市,末広2丁目,16-11,,35.68174086,139.920396,,,,,(047)318-3820,,,,,,,,,,,,,,,,,,,,,,,,,,,,,,,0
122033,,市川市,ぶれあ保育園・南行徳,ﾌﾞﾚｱﾎｲｸｴﾝﾐﾅﾐｷﾞｮｳﾄｸ,,認可私立保育所,122033,,千葉県市川市南行徳1丁目19-5 2階,千葉県,市川市,南行徳1丁目,19-5, 2階,35.67110463,139.9025078,,,,,(047)317-6853,,,,,,,,,,,,,,,,,,,,,,,,,,,,,,,0
122033,,市川市,市川梨の花保育園,ｲﾁｶﾜﾅｼﾉﾊﾅﾎｲｸｴﾝ,,認可私立保育所,122033,,千葉県市川市北方町4丁目2083,千葉県,市川市,北方町4丁目,2083,,35.73529294,139.9563844,,,,,(047)711-5210,,,,,,,,,,,,,,,,,,,,,,,,,,,,,,,0
122033,,市川市,AIAI NURSERY 菅野駅前,ｱｲｱｲﾅｰｻﾘｰｽｶﾞﾉｴｷﾏｴ,,認可私立保育所,122033,,千葉県市川市平田2丁目11-16,千葉県,市川市,平田2丁目,11-16,,35.72747585,139.9195703,,,,,(047)312-6515,,,,,,,,,,,,,,,,,,,,,,,,,,,,,,,0
122033,,市川市,八幡チャイルド保育園,ﾔﾜﾀﾁｬｲﾙﾄﾞﾎｲｸｴﾝ,,認可私立保育所,122033,,千葉県市川市八幡3丁目10-20,千葉県,市川市,八幡3丁目,10-20,,35.72320944,139.9235641,,,,,(047)712-8123,,,,,,,,,,,,,,,,,,,,,,,,,,,,,,,0
122033,,市川市,そらまめ保育園市川駅前,ｿﾗﾏﾒﾎｲｸｴﾝｲﾁｶﾜｴｷﾏｴ,,認可私立保育所,122033,,千葉県市川市市川南1丁目9-29,千葉県,市川市,市川南1丁目,9-29,,35.72850193,139.9058948,,,,,(047)712-8871,,,,,,,,,,,,,,,,,,,,,,,,,,,,,,,0
122033,,市川市,Milky Way International Nursery School 市川南校,ﾐﾙｷｰｳｪｲｲﾝﾀｰﾅｼｮﾅﾙﾅｰｻﾘｰｽｸｰﾙｲﾁｶﾜﾐﾅﾐｺｳ,,認可私立保育所,122033,,千葉県市川市市川南3丁目5-13-101,千葉県,市川市,市川南3丁目,5-13-101,,35.72836238,139.9022663,,,,,(047)704-9831,,,,,,,,,,,,,,,,,,,,,,,,,,,,,,,0
122033,,市川市,スクルドエンジェル保育園市川新田園,ｽｸﾙﾄﾞｴﾝｼﾞｪﾙﾎｲｸｴﾝｲﾁｶﾜｼﾝﾃﾞﾝｴﾝ,,認可私立保育所,122033,,千葉県市川市新田1丁目24-17,千葉県,市川市,新田1丁目,24-17,,35.72683008,139.9146711,,,,,(047)318-3111,,,,,,,,,,,,,,,,,,,,,,,,,,,,,,,0
122033,,市川市,まなびの森保育園市川,ﾏﾅﾋﾞﾉﾓﾘﾎｲｸｴﾝｲﾁｶﾜ,,認可私立保育所,122033,,千葉県市川市大洲4丁目18-4,千葉県,市川市,大洲4丁目,18-4,,35.72263984,139.9069394,,,,,(047)712-5871,,,,,,,,,,,,,,,,,,,,,,,,,,,,,,,0
122033,,市川市,AIAI NURSERY 妙典一丁目,ｱｲｱｲﾅｰｻﾘｰﾐｮｳﾃﾞﾝｲｯﾁｮｳﾒ,,認可私立保育所,122033,,千葉県市川市妙典1丁目8-19,千葉県,市川市,妙典1丁目,8-19,,35.69698253,139.9239025,,,,,(047)711-4305,,,,,,,,,,,,,,,,,,,,,,,,,,,,,,,0
122033,,市川市,市川富浜雲母保育園,ｲﾁｶﾜﾄﾐﾊﾏｷﾗﾗﾎｲｸｴﾝ,,認可私立保育所,122033,,千葉県市川市富浜2丁目3-18,千葉県,市川市,富浜2丁目,3-18,,35.68917746,139.9215962,,,,,(047)356-0775,,,,,,,,,,,,,,,,,,,,,,,,,,,,,,,0
122033,,市川市,ポピンズナーサリースクール妙典,ﾎﾟﾋﾟﾝｽﾞﾅｰｻﾘｰｽｸｰﾙﾐｮｳﾃﾞﾝ,,認可私立保育所,122033,,千葉県市川市妙典4丁目4-27,千葉県,市川市,妙典4丁目,4-27,,35.69162431,139.9268307,,,,,(047)711-3381,,,,,,,,,,,,,,,,,,,,,,,,,,,,,,,0
122033,,市川市,アルタキッズ妙典園,ｱﾙﾀｷｯｽﾞﾐｮｳﾃﾞﾝｴﾝ,,認可私立保育所,122033,,千葉県市川市富浜2丁目7-2,千葉県,市川市,富浜2丁目,7-2,,35.69027525,139.9247568,,,,,(047)307-9927,,,,,,,,,,,,,,,,,,,,,,,,,,,,,,,0
122033,,市川市,かえで保育園妙典,ｶｴﾃﾞﾎｲｸｴﾝﾐｮｳﾃﾞﾝ,,認可私立保育所,122033,,千葉県市川市塩焼1丁目14-8,千葉県,市川市,塩焼1丁目,14-8,,35.6875941,139.9290121,,,,,(047)356-5525,,,,,,,,,,,,,,,,,,,,,,,,,,,,,,,0
122033,,市川市,AIAI NURSERY 妙典五丁目,ｱｲｱｲﾅｰｻﾘｰﾐｮｳﾃﾞﾝｺﾞﾁｮｳﾒ,,認可私立保育所,122033,,千葉県市川市妙典5丁目9-11,千葉県,市川市,妙典5丁目,9-11,,35.69124677,139.9316262,,,,,(047)316-1962,,,,,,,,,,,,,,,,,,,,,,,,,,,,,,,0
122033,,市川市,AIAI NURSERY 妙典六丁目,ｱｲｱｲﾅｰｻﾘｰﾐｮｳﾃﾞﾝﾛｸﾁｮｳﾒ,,認可私立保育所,122033,,千葉県市川市妙典6丁目5-23,千葉県,市川市,妙典6丁目,5-23,,35.69326361,139.9302705,,,,,(047)316-1930,,,,,,,,,,,,,,,,,,,,,,,,,,,,,,,0
122033,,市川市,市川南保育園,ｲﾁｶﾜﾐﾅﾐﾎｲｸｴﾝ,,認可私立保育所,122033,,千葉県市川市市川南4丁目1-15,千葉県,市川市,市川南4丁目,1-15,,35.72699639,139.9025903,,,,,(047)324-1155,,,,,,,,,,,,,,,,,,,,,,,,,,,,,,,137
122033,,市川市,まなびの森保育園妙典,ﾏﾅﾋﾞﾉﾓﾘﾎｲｸｴﾝﾐｮｳﾃﾞﾝ,,認可私立保育所,122033,,千葉県市川市妙典6丁目1-13,千葉県,市川市,妙典6丁目,1-13,,35.69478315,139.9296622,,,,,(047)303-3131,,,,,,,,,,,,,,,,,,,,,,,,,,,,,,,0
122033,,市川市,Nest本八幡保育園,ﾈｽﾄﾓﾄﾔﾜﾀﾎｲｸｴﾝ,,認可私立保育所,122033,,千葉県市川市南八幡5丁目11-11,千葉県,市川市,南八幡5丁目,11-11,,35.72011688,139.9240822,,,,,(047)376-8180,,,,,,,,,,,,,,,,,,,,,,,,,,,,,,,0
122033,,市川市,まなびの森保育園本八幡,ﾏﾅﾋﾞﾉﾓﾘﾎｲｳｴﾝﾓﾄﾔﾜﾀ,,認可私立保育所,122033,,千葉県市川市南八幡1丁目3-1,千葉県,市川市,南八幡1丁目,3-1,,35.71841738,139.9317192,,,,,(047)316-2570,,,,,,,,,,,,,,,,,,,,,,,,,,,,,,,0
122033,,市川市,きららの杜保育園原木中山,ｷﾗﾗﾉﾓﾘﾎｲｸｴﾝﾐﾅﾐｷﾞｮｳﾄｸ,,認可私立保育所,122033,,千葉県市川市高谷1丁目10-4,千葉県,市川市,高谷1丁目,10-4,,35.70106668,139.9406135,,,,,(047)314-1463,,,,,,,,,,,,,,,,,,,,,,,,,,,,,,,0
122033,,市川市,かえで保育園原木中山,ｶｴﾃﾞﾎｲｸｴﾝﾊﾞﾗｷﾅｶﾔﾏ,,認可私立保育所,122033,,千葉県市川市原木2丁目13-25,千葉県,市川市,原木2丁目,13-25,,35.69794508,139.942435,,,,,(047)328-2900,,,,,,,,,,,,,,,,,,,,,,,,,,,,,,,0
122033,,市川市,きららの杜保育園南行徳,ｷﾗﾗﾉﾓﾘﾎｲｸｴﾝﾐﾅﾐｷﾞｮｳﾄｸ,,認可私立保育所,122033,,千葉県市川市相之川4丁目10-4,千葉県,市川市,相之川4丁目,10-4,,35.67457347,139.9007844,,,,,(047)369-6877,,,,,,,,,,,,,,,,,,,,,,,,,,,,,,,0
122033,,市川市,memorytree市川保育園,ﾒﾓﾘｰﾂﾘｰｲﾁｶﾜﾎｲｸｴﾝ,,認可私立保育所,122033,,千葉県市川市大野町3丁目1507-1,千葉県,市川市,大野町3丁目,1507-1,,35.75669191,139.9500358,,,,,(047)339-3039,,,,,,,,,,,,,,,,,,,,,,,,,,,,,,,0
122033,,市川市,ヴィラまなびの森保育園本八幡,ｳﾞｨﾗﾏﾅﾋﾞﾉﾓﾘﾎｲｸｴﾝﾓﾄﾔﾜﾀ,,認可私立保育所,122033,,千葉県市川市南八幡1丁目19-18,千葉県,市川市,南八幡1丁目,19-18,,35.71564143,139.9287487,,,,,(047)711-0075,,,,,,,,,,,,,,,,,,,,,,,,,,,,,,,0
122033,,市川市,かえで保育園本八幡,ｶｴﾃﾞﾎｲｸｴﾝﾓﾄﾔﾜﾀ,,認可私立保育所,122033,,千葉県市川市八幡3丁目29-16,千葉県,市川市,八幡3丁目,29-16,,35.72659413,139.9292667,,,,,(047)326-5122,,,,,,,,,,,,,,,,,,,,,,,,,,,,,,,0
122033,,市川市,市川本八幡雲母保育園,ｲﾁｶﾜﾓﾄﾔﾜﾀｷﾗﾗﾎｲｸｴﾝ,,認可私立保育所,122033,,千葉県市川市南八幡3丁目12-9Calme南八幡,千葉県,市川市,南八幡3丁目,12-9,Calme南八幡,35.71821115,139.9289165,,,,,(047)370-3811,,,,,,,,,,,,,,,,,,,,,,,,,,,,,,,0
122033,,市川市,セレン保育園,ｾﾚﾝﾎｲｸｴﾝ,,認可私立保育所,122033,,千葉県市川市塩焼4丁目13-8,千葉県,市川市,塩焼4丁目,13-8,,35.68648174,139.933184,,,,,(047)316-1703,,,,,,,,,,,,,,,,,,,,,,,,,,,,,,,0
122033,,市川市,ミラッツ市川宮久保保育園,ﾐﾗｯﾂｲﾁｶﾜﾐﾔｸﾎﾞﾎｲｸｴﾝ,,認可私立保育所,122033,,千葉県市川市宮久保1丁目10-9,千葉県,市川市,宮久保1丁目,10-9,,35.7358035,139.9319738,,,,,(047)710-0691,,,,,,,,,,,,,,,,,,,,,,,,,,,,,,,
122033,,市川市,市川原木中山雲母保育園,ｲﾁｶﾜﾊﾞﾗｷﾅｶﾔﾏｷﾗﾗﾎｲｸｴﾝ,,認可私立保育所,122033,,千葉県市川市高谷2丁目5-5,千葉県,市川市,高谷2丁目,5-5,,35.7000514,139.9391863,,,,,(047)328-0011,,,,,,,,,,,,,,,,,,,,,,,,,,,,,,,
122033,,市川市,ル・アンジェ南行徳保育園,ﾙｱﾝｼﾞｪﾐﾅﾐｷﾞｮｳﾄｸﾎｲｸｴﾝ,,認可私立保育所,122033,,千葉県市川市新井3丁目5-1レフィールオーブ,千葉県,市川市,新井3丁目,5-1,レフィールオーブ,35.6716391,139.9004314,,,,,(047)711-0100,,,,,,,,,,,,,,,,,,,,,,,,,,,,,,,
122033,,市川市,e-こども園,ｲｰｺﾄﾞﾓｴﾝ,,認定こども園（保育所型）,122033,,千葉県市川市南八幡4丁目14-41F,千葉県,市川市,南八幡4丁目,14-4,1F,35.71847199,139.9251049,,,,,(047)300-8850,,,,,,,,,,,,,,,,,,,,,,,,,,,,https://dai5kyo.or.jp/e-kodomoen/,,,178
122033,,市川市,認定こども園風の谷こども園,ﾆﾝﾃｲｺﾄﾞﾓｴﾝｶｾﾞﾉﾀﾆｺﾄﾞﾓｴﾝ,,認定こども園（保育所型）,122033,,千葉県市川市北国分4丁目10-3,千葉県,市川市,北国分4丁目,10-3,,35.76324973,139.9079975,,,,,(047)375-2700,,,,,,,,,,,,,,,,,,,,,,,,,,,,http://kazenotanihoikuen.com/,,,179
122033,,市川市,宮久保幼稚園,ﾐﾔｸﾎﾞﾖｳﾁｴﾝ,,認定こども園（幼稚園型）,122033,,千葉県市川市宮久保6丁目7-2,千葉県,市川市,宮久保6丁目,7-2,,35.73840541,139.9401193,,,,,(047)371-7320,,,,,,,,,,,,,,,,,,,,,,,,,,,,,,,180
122033,,市川市,いずみ認定こども園,ｲｽﾞﾐﾆﾝﾃｲｺﾄﾞﾓｴﾝ,,認定こども園（地方裁量型）,122033,,千葉県市川市南行徳2丁目5-1,千葉県,市川市,南行徳2丁目,5-1,,35.67063004,139.9062699,,,,,(047)397-2211,,,,,,,,,,,,,,,,,,,,,,,,,,,,http://www.izumigakuin.jp/,,,181
122033,,市川市,延命寺学園,ｴﾝﾒｲｼﾞｶﾞｸｴﾝ,,認定こども園（地方裁量型）,122033,,千葉県市川市新井1丁目9-2,千葉県,市川市,新井1丁目,9-2,,35.67528606,139.8934484,,,,,(047)357-1527,,,,,,,,,,,,,,,,,,,,,,,,,,,,http://enmeiji-gakuen2525.com/program.html,,,182
122033,,市川市,幼保連携型認定こども園 鬼高幼稚園,ﾖｳﾎﾚﾝｹｲｶﾞﾀﾆﾝﾃｲｺﾄﾞﾓｴﾝｵﾆﾀｶﾖｳﾁｴﾝ,,認定こども園（幼保連携型）,122033,,千葉県市川市鬼高3丁目14-18,千葉県,市川市,鬼高3丁目,14-18,,35.71062445,139.9371196,,,,,(047)370-6583,,,,,,,,,,,,,,,,,,,,,,,,,,,,,,,0
122033,,市川市,認定こども園 COCOWA学園,ﾆﾝﾃｲｺﾄﾞﾓｴﾝｺｺﾜｶﾞｸｴﾝ,,認定こども園（地方裁量型）,122033,,千葉県市川市幸2丁目12-23,千葉県,市川市,幸2丁目,12-23,,35.67832978,139.9251297,,,,,(047)711-0641,,,,,,,,,,,,,,,,,,,,,,,,,,,,,,,0
122033,,市川市,認定こども園 アイリス幼稚園,ﾆﾝﾃｲｺﾄﾞﾓｴﾝｱｲﾘｽﾖｳﾁｴﾝ,,認定こども園（幼保連携型）,122033,,千葉県市川市北方2丁目29-9,千葉県,市川市,北方2丁目,29-9,,35.72579967,139.9409405,,,,,(047)335-5530,,,,,,,,,,,,,,,,,,,,,,,,,,,,,,,0
122033,,市川市,白菊幼稚園,ｼﾗｷﾞｸﾖｳﾁｴﾝ,,認定こども園（幼稚園型）,122033,,千葉県市川市南八幡3丁目15-1,千葉県,市川市,南八幡3丁目,15-1,,35.71819175,139.9270261,,,,,(047)378-2160,,,,,,,,,,,,,,,,,,,,,,,,,,,,,,,0
122033,,市川市,幼保連携型認定こども園　須和田幼稚園,ﾖｳﾎﾚﾝｹｲｶﾞﾀﾆﾝﾃｲｺﾄﾞﾓｴﾝｽﾜﾀﾞﾖｳﾁｴﾝ,,認定こども園（幼保連携型）,122033,,千葉県市川市須和田1丁目20-3,千葉県,市川市,須和田1丁目,20-3,,35.73694536,139.9181624,,,,,(047)371-5457,,,,,,,,,,,,,,,,,,,,,,,,,,,,,,,0
122033,,市川市,リトルガーデン市川,ﾘﾄﾙｶﾞｰﾃﾞﾝｲﾁｶﾜ,,認可外保育所,122033,,千葉県市川市市川南4丁目2-20サウスコートスカイ１階,千葉県,市川市,市川南4丁目,2-20,サウスコートスカイ１階,35.7261584,139.9020705,,,,,(047)710-8235,,,,,,,,,,,,,,,,,,,,,,,,,,,,http://littlegarden-inter.com/center/ichikawa/,,,
122033,,市川市,KOALA KIDS,ｺｱﾗｷｯｽﾞ,,認可外保育所,122033,,千葉県市川市市川2丁目22-7ミキハイム市川２F,千葉県,市川市,市川2丁目,22-7,ミキハイム市川２F,35.7321404,139.9035665,,,,,(047)316-0414,,,,,,,,,,,,,,,,,,,,,,,,,,,,https://www.koalakidsjapan.com/,,,
122033,,市川市,エンゼルハウス,ｴﾝｾﾞﾙﾊｳｽ,,認可外保育所,122033,,千葉県市川市南八幡1丁目22-5花沢マンション１階,千葉県,市川市,南八幡1丁目,22-5,花沢マンション１階,35.71549401,139.9304159,,,,,(047)378-7555,,,,,,,,,,,,,,,,,,,,,,,,,,,,http://www.a-house.jp/,,,
122033,,市川市,Milkyway International Preschool,ﾐﾙｷｰｳｪｲｲﾝﾀｰﾅｼｮﾅﾙﾌﾟﾚｽｸｰﾙ,,認可外保育所,122033,,千葉県市川市南八幡4丁目5-17清鳳ビル1階,千葉県,市川市,南八幡4丁目,5-17,清鳳ビル1階,35.72057617,139.9255955,,,,,(047)312-6173,,,,,,,,,,,,,,,,,,,,,,,,,,,,http://milkyway-international.com/,,,
122033,,市川市,ひだまりおやこ園,ﾋﾀﾞﾏﾘｵﾔｺｴﾝ,,認可外保育所,122033,,千葉県市川市柏井町2丁目75-2,千葉県,市川市,柏井町2丁目,75-2,,35.74251199,139.962704,,,,,(047)338-1706,,,,,,,,,,,,,,,,,,,,,,,,,,,,http://hidamarihoiku.sakura.ne.jp/,,,
122033,,市川市,ブルゥミング幼保園,ﾌﾞﾙゥﾐﾝｸﾞﾖｳﾎｴﾝ,,認可外保育所,122033,,千葉県市川市行徳駅前3丁目1-16,千葉県,市川市,行徳駅前3丁目,1-16,,35.68227158,139.9185339,,,,,(047)399-0757,,,,,,,,,,,,,,,,,,,,,,,,,,,,http://www.blooming-hoikuen.com/,,,
122033,,市川市,キッズナーサリー市川行徳園,ｷｯｽﾞﾅｰｻﾘｰｲﾁｶﾜｷﾞｮｳﾄｸｴﾝ,,認可外保育所,122033,,千葉県市川市末広1丁目18-13ＳＡＴＯＭＩ４番館１０８,千葉県,市川市,末広1丁目,18-13,ＳＡＴＯＭＩ４番館１０８,35.68373317,139.9182175,,,,,(047)398-8896,,,,,,,,,,,,,,,,,,,,,,,,,,,,http://www.kidsnursery.net/,,,
122033,,市川市,みのりえん,ﾐﾉﾘｴﾝ,,認可外保育所,122033,,千葉県市川市行徳駅前3丁目6-1太洋マンション２０４,千葉県,市川市,行徳駅前3丁目,6-1,太洋マンション２０４,35.68077993,139.918772,,,,,(047)397-8458,,,,,,,,,,,,,,,,,,,,,,,,,,,,,,,
122033,,市川市,簡易保育園ベビーランド,ｶﾝｲﾎｲｸｴﾝﾍﾞﾋﾞｰﾗﾝﾄﾞ,,認可外保育所,122033,,千葉県市川市相之川4丁目2-8-101,千葉県,市川市,相之川4丁目,2-8-101,,35.67446187,139.9036231,,,,,(047)357-9939,,,,,,,,,,,,,,,,,,,,,,,,,,,,,,,
122033,,市川市,保育所キッズプラザ南行徳駅前園,ﾎｲｸｼｮｷｯｽﾞﾌﾟﾗｻﾞﾐﾅﾐｷﾞｮｳﾄｸｴｷﾏｴｴﾝ,,認可外保育所,122033,,千葉県市川市南行徳1丁目9-15卓ビル２階,千葉県,市川市,南行徳1丁目,9-15,卓ビル２階,35.67308893,139.9033672,,,,,(047)307-8211,,,,,,,,,,,,,,,,,,,,,,,,,,,,http://kidsplaza-hoiku.com/,,,
122033,,市川市,ぴかｷｯｽﾞランド,ﾋﾟｶｷｯｽﾞランド,,認可外保育所,122033,,千葉県市川市相之川3丁目14-1-101,千葉県,市川市,相之川3丁目,14-1-101,,35.67597326,139.8972159,,,,,(047)359-1848,,,,,,,,,,,,,,,,,,,,,,,,,,,,http://pikapika-kids.com/,,,
122033,,市川市,English SchoolイマジンJapan 南行徳児童園,ｲﾝｸﾞﾘｯｼｭｽｸｰﾙｲﾏｼﾞﾝｼﾞｬﾊﾟﾝ ﾐﾅﾐｷﾞｮｳﾄｸｼﾞﾄﾞｳｴﾝ,,認可外保育所,122033,,千葉県市川市南行徳2丁目12-７,千葉県,市川市,南行徳2丁目,12-７,,35.6692698,139.9068683,,,,,(047)356-6988,,,,,,,,,,,,,,,,,,,,,,,,,,,,https://imagine-tokyo.co.jp/,,,
122033,,市川市,Babies ＆Meme,ﾍﾞｲﾋﾞｰｽﾞｱﾝﾄﾞﾒﾒ,,認可外保育所,122033,,千葉県市川市曽谷3丁目12-22,千葉県,市川市,曽谷3丁目,12-22,,35.74289688,139.9325633,,,,,(047)375-8758,,,,,,,,,,,,,,,,,,,,,,,,,,,,,,,
122033,,市川市,バイリンガル幼児園KidsDuoInternationalニッケコルトンプラザ市川,ﾊﾞｲﾘﾝｶﾞﾙﾖｳｼﾞｴﾝｷｯｽﾞﾃﾞュｵｲﾝﾀｰﾅｼｮﾅﾙﾆｯｹｺﾙﾄﾝﾌﾟﾗｻﾞｲﾁｶﾜｴﾝ,,認可外保育所,122033,,千葉県市川市鬼高1丁目1-1,千葉県,市川市,鬼高1丁目,1-1,,35.71675301,139.9330381,,,,,(047)321-6955,,,,,,,,,,,,,,,,,,,,,,,,,,,,https://www.kdi.ac/access/ichikawa/,,,
122033,,市川市,かるがもンテッソーリ子どもの家,ｶﾙｶﾞﾓﾝﾃッｿｰﾘｺﾄﾞﾓﾉｲｴ,,認可外保育所,122033,,千葉県市川市南行徳3丁目4-10,千葉県,市川市,南行徳3丁目,4-10,,35.66781188,139.9051754,,,,,(047)395-3837,,,,,,,,,,,,,,,,,,,,,,,,,,,,https://karugamontessori.com/,,,
122033,,市川市,Little gems International School東京ベイ校,ﾘﾄﾙｼﾞｪﾑｽｲﾝﾀｰﾅｼｮﾅﾙｽｸｰﾙﾄｳｷｮｳﾍﾞｲｺｳ,,認可外保育所,122033,,千葉県市川市妙典4丁目3-31グレースコート妙典１Ｆ,千葉県,市川市,妙典4丁目,3-31,グレースコート妙典１Ｆ,35.69182134,139.9259353,,,,,(047)321-6151,,,,,,,,,,,,,,,,,,,,,,,,,,,,https://www.lgis-tokyobay.com/,,,
122033,,市川市,原木スマイルナーサリー,ﾊﾞﾗｷｽﾏｲﾙﾅｰｻﾘｰ,,その他,122033,,千葉県市川市原木1丁目8-1,千葉県,市川市,原木1丁目,8-1,,35.70356849,139.9432845,,,,,(047)323-6181,,,,,,,,,,,,,,,,,,,,,,,,,,,,,,,
122033,,市川市,宮久保幼稚園０１２,ﾐﾔｸﾎﾞﾖｳﾁｴﾝｾﾞﾛｲﾁﾆ,,その他,122033,,千葉県市川市宮久保6丁目7-2,千葉県,市川市,宮久保6丁目,7-2,,35.73844979,139.9400877,,,,,(047)372-8666,,,,,,,,,,,,,,,,,,,,,,,,,,,,https://miyakubo.jp/?course=%E5%AE%AE%E4%B9%85%E4%BF%9D%E5%B9%BC%E7%A8%9A%E5%9C%92012%E6%A6%82%E8%A6%81,,,
122033,,市川市,ひなた保育園行徳駅前ルーム,ﾋﾅﾀﾎｲｸｴﾝ ｷﾞｮｳﾄｸｴｷﾏｴﾙｰﾑ,,その他,122033,,千葉県市川市行徳駅前2丁目23-14メゾン・ベルツリー1階,千葉県,市川市,行徳駅前2丁目,23-14,メゾン・ベルツリー1階,35.68191801,139.9123119,,,,,(047)311-4848,,,,,,,,,,,,,,,,,,,,,,,,,,,,http://hinata-gyoutoku.npo-megumino.com/,,,
122033,,市川市,いろはな保育園市川南,ｲﾛﾊﾅﾎｲｸｴﾝｲﾁｶﾜﾐﾅﾐ,,その他,122033,,千葉県市川市市川南1丁目9-30啓成ハイツ市川1階,千葉県,市川市,市川南1丁目,9-30,啓成ハイツ市川1階,35.72825247,139.9060224,,,,,(047)318-2503,,,,,,,,,,,,,,,,,,,,,,,,,,,,https://irohana-hoiku.com/,,,
122033,,市川市,ナーサリーゆめの木平田,ﾅｰｻﾘｰﾕﾒﾉｷﾋﾗﾀ,,その他,122033,,千葉県市川市平田2丁目5-4,千葉県,市川市,平田2丁目,5-4,,35.7256335,139.9206076,,,,,(047)711-2925,,,,,,,,,,,,,,,,,,,,,,,,,,,,https://www.fivet.co.jp/hirata/,,,
122033,,市川市,ミルキーホーム本八幡きた園,ﾐﾙｷｰﾎｰﾑﾓﾄﾔﾜﾀｷﾀｴﾝ,,その他,122033,,千葉県市川市八幡2丁目6-18第三本八幡ダイヤモンドマンション201号・202号,千葉県,市川市,八幡2丁目,6-18,第三本八幡ダイヤモンドマンション201号・202号,35.7222052,139.928185,,,,,(047)333-7062,,,,,,,,,,,,,,,,,,,,,,,,,,,,https://www.ssss.co.jp/school-list/milkyhome-motoyawatakitaen-4/,,,
122033,,市川市,みなみぎょうとく笑顔保育園,ﾐﾅﾐｷﾞｮｳﾄｸｴｶﾞｵﾎｲｸｴﾝ,,その他,122033,,千葉県市川市南行徳1丁目19-222階,千葉県,市川市,南行徳1丁目,19-22,2階,35.67160134,139.9020495,,,,,(047)711-3971,,,,,,,,,,,,,,,,,,,,,,,,,,,,http://www.egao-hoikuen.com/,,,
122033,,市川市,保育園エンゼルハウス市川大野園,ﾎｲｸｴﾝｴﾝｾﾞﾙﾊｳｽｲﾁｶﾜｵｵﾉｴﾝ,,その他,122033,,千葉県市川市大野町2丁目2161F,千葉県,市川市,大野町2丁目,216,1F,35.75313757,139.9521077,,,,,(047)339-7721,,,,,,,,,,,,,,,,,,,,,,,,,,,,https://lotus-hoiku.com/,,,
122033,,市川市,ぽんておうちえん,ﾎﾟﾝﾃｵｳﾁｴﾝ,,その他,122033,,千葉県市川市国府台6丁目1-22,千葉県,市川市,国府台6丁目,1-22,,35.75701416,139.9013546,,,,,(047)375-2511,,,,,,,,,,,,,,,,,,,,,,,,,,,,,,,
122033,,市川市,市川みんと保育園,ｲﾁｶﾜﾐﾝﾄﾎｲｸｴﾝ,,その他,122033,,千葉県市川市市川1丁目5-12スウィングコート市川1階,千葉県,市川市,市川1丁目,5-12,スウィングコート市川1階,35.72974323,139.9089493,,,,,(047)711-3360,,,,,,,,,,,,,,,,,,,,,,,,,,,,,,,
122033,,市川市,そらいろおうちえん,ｿﾗｲﾛｵｳﾁｴﾝ,,その他,122033,,千葉県市川市市川1丁目12-23メゾンドロワール101号室,千葉県,市川市,市川1丁目,12-23,メゾンドロワール101号室,35.73111741,139.9080103,,,,,(047)712-5022,,,,,,,,,,,,,,,,,,,,,,,,,,,,https://www.sorairoouchien.com/,,,
122033,,市川市,きらら保育園市川南,ｷﾗﾗﾎｲｸｴﾝｲﾁｶﾜﾐﾅﾐ,,その他,122033,,千葉県市川市市川南1丁目1-1ザタワーズイースト216号室,千葉県,市川市,市川南1丁目,1-1,ザタワーズイースト216号室,35.72853397,139.9080647,,,,,(047)704-8547,,,,,,,,,,,,,,,,,,,,,,,,,,,,https://www.kilala.ed.jp/ichikawa/,,,
122033,,市川市,いろはな保育園本八幡北,ｲﾛﾊﾅﾎｲｸｴﾝﾓﾄﾔﾜﾀｷﾀ,,その他,122033,,千葉県市川市八幡2丁目8-10ハレアライ1階101,千葉県,市川市,八幡2丁目,8-10,ハレアライ1階101,35.7213366,139.9294795,,,,,(047)314-1708,,,,,,,,,,,,,,,,,,,,,,,,,,,,https://irohana-hoiku.com/,,,
122033,,市川市,Little K's アクス本八幡保育園,ﾘﾄﾙｹｰｽﾞｱｸｽﾓﾄﾔﾜﾀﾎｲｸｴﾝ,,その他,122033,,千葉県市川市八幡3丁目4-11階,千葉県,市川市,八幡3丁目,4-1,1階,35.72384842,139.9266414,,,,,(047)712-5866,,,,,,,,,,,,,,,,,,,,,,,,,,,,https://www.ksgarden.jp/littleatop.html,,,
122033,,市川市,こえだ保育園,ｺｴﾀﾞﾎｲｸｴﾝ,,その他,122033,,千葉県市川市八幡2丁目1-14,千葉県,市川市,八幡2丁目,1-14,,35.7221255,139.9302454,,,,,(047)713-8995,,,,,,,,,,,,,,,,,,,,,,,,,,,,https://www.koedahoikuen.jp/,,,
122033,,市川市,ル・アンジェ本八幡保育園,ﾙｱﾝｼﾞｪﾓﾄﾔﾜﾀﾎｲｸｴﾝ,,その他,122033,,千葉県市川市八幡2丁目7-13N-stage 1階,千葉県,市川市,八幡2丁目,7-13,N-stage 1階,35.7220955,139.9284081,,,,,(047)383-9650,,,,,,,,,,,,,,,,,,,,,,,,,,,,https://www.leange.co.jp/nursery/,,,
122033,,市川市,森のこどもえん,ﾓﾘﾉｺﾄﾞﾓｴﾝ,,その他,122033,,千葉県市川市北方2丁目37-4,千葉県,市川市,北方2丁目,37-4,,35.72705584,139.9386479,,,,,(047)314-1758,,,,,,,,,,,,,,,,,,,,,,,,,,,,https://www.morikodo.com/,,,
122033,,市川市,はっぴー市川園,ﾊｯﾋﾟｰｲﾁｶﾜｴﾝ,,その他,122033,,千葉県市川市中山4丁目7-13,千葉県,市川市,中山4丁目,7-13,,35.71756898,139.9453287,,,,,(047)336-0881,,,,,,,,,,,,,,,,,,,,,,,,,,,,http://happy-hoikuen.jp/,,,
122033,,市川市,トライキッズ保育園,ﾄﾗｲｷｯｽﾞﾎｲｸｴﾝ,,その他,122033,,千葉県市川市真間2丁目13-8ウエストヴィレッジ1階,千葉県,市川市,真間2丁目,13-8,ウエストヴィレッジ1階,35.73448783,139.908814,,,,,(047)323-6403,,,,,,,,,,,,,,,,,,,,,,,,,,,,https://trykidshoikuen.com/,,,
122033,,市川市,みょうでん笑顔保育園,ﾐｮｳﾃﾞﾝｴｶﾞｵﾎｲｸｴﾝ,,その他,122033,,千葉県市川市妙典5丁目16-25,千葉県,市川市,妙典5丁目,16-25,,35.6904912,139.9316727,,,,,(047)712-5620,,,,,,,,,,,,,,,,,,,,,,,,,,,,http://www.egao-hoikuen.com/,,,
122033,,市川市,小規模保育所リトルすわだ,ｼｮｳｷﾎﾞﾎｲｸｼﾞｮﾘﾄﾙｽﾜﾀﾞ,,その他,122033,,千葉県市川市須和田1丁目22-4,千葉県,市川市,須和田1丁目,22-4,,35.73738474,139.9182424,,,,,(047)712-0211,,,,,,,,,,,,,,,,,,,,,,,,,,,,,,,
122033,,市川市,いろはな保育園本八幡東,ｲﾛﾊﾅﾎｲｸｴﾝﾓﾄﾔﾜﾀﾋｶﾞｼ,,その他,122033,,千葉県市川市南八幡3丁目1-6BROS本八幡1階,千葉県,市川市,南八幡3丁目,1-6,BROS本八幡1階,35.71944815,139.9300449,,,,,(047)316-1652,,,,,,,,,,,,,,,,,,,,,,,,,,,,https://irohana-hoiku.com/,,,
122033,,市川市,保育ルームキューティー市川,ﾎｲｸﾙｰﾑｷｭｰﾃｨｰｲﾁｶﾜ,,その他,122033,,千葉県市川市南八幡4丁目6-14ヴェルドミール高英1階101,千葉県,市川市,南八幡4丁目,6-14,ヴェルドミール高英1階101,35.71993381,139.9257992,,,,,(047)727-3879,,,,,,,,,,,,,,,,,,,,,,,,,,,,https://room-cutie.com/ichikawa/,,,
122033,,市川市,Little K's真間駅前保育園,ﾘﾄﾙｹｰｽﾞﾏﾏｴｷﾏｴﾎｲｸｴﾝ,,その他,122033,,千葉県市川市市川1丁目26-11 1F,千葉県,市川市,市川1丁目,26-11 ,1F,35.73207825,139.9105932,,,,,(047)321-6066,,,,,,,,,,,,,,,,,,,,,,,,,,,,https://www.ksgarden.jp/littlemprogram.html,,,
122033,,市川市,にじのき保育園,ﾆｼﾞﾉｷﾎｲｸｴﾝ,,その他,122033,,千葉県市川市行徳駅前1丁目24-1,千葉県,市川市,行徳駅前1丁目,24-1,,35.68323797,139.9147577,,,,,(047)307-3622,,,,,,,,,,,,,,,,,,,,,,,,,,,,https://nijinoki.ed.jp/,,,
122033,,市川市,ねっこ保育園,ﾈｯｺﾎｲｸｴﾝ,,その他,122033,,千葉県市川市相之川4丁目10-81階,千葉県,市川市,相之川4丁目,10-8,1階,35.67424019,139.9011108,,,,,(047)307-9996,,,,,,,,,,,,,,,,,,,,,,,,,,,,https://nekkohoiku.com/,,,
122033,,市川市,ル・アンジェ行徳保育園,ﾙ･ｱﾝｼﾞｪｷﾞｮｳﾄｸﾎｲｸｴﾝ,,その他,122033,,千葉県市川市入船12-21-101,千葉県,市川市,入船,12-21-101,,35.67888652,139.9199153,,,,,(047)314-1773,,,,,,,,,,,,,,,,,,,,,,,,,,,,https://www.leange.co.jp/nursery/gyotoku/,,,
122033,,市川市,小規模保育園hikari,ｼｮｳｷﾎﾞﾎｲｸｴﾝﾋｶﾘ,,その他,122033,,千葉県市川市大野町3丁目1811-13,千葉県,市川市,大野町3丁目,1811-13,,35.75510335,139.954839,,,,,(047)710-0022,,,,,,,,,,,,,,,,,,,,,,,,,,,,http://www.jyokoji.ed.jp/hikari/,,,
122033,,市川市,wakatakeわんぱくgarden,ﾜｶﾀｹﾜﾝﾊﾟｸｶﾞｰﾃﾞﾝ,,その他,122033,,千葉県市川市北方町4丁目1800-31,千葉県,市川市,北方町4丁目,1800-31,,35.73017054,139.9567262,,,,,(047)702-3803,,,,,,,,,,,,,,,,,,,,,,,,,,,,http://wakatakekids.sakura.ne.jp/,,,
122033,,市川市,＆KIDSいろのはほいくえん,ｱﾝﾄﾞｷｯｽﾞｲﾛﾉﾊﾎｲｸｴﾝ,,その他,122033,,千葉県市川市市川1丁目13-32,千葉県,市川市,市川1丁目,13-32,,35.73169152,139.9079576,,,,,(047)321-6946,,,,,,,,,,,,,,,,,,,,,,,,,,,,http://www.andkids.fun/,,,
122033,,市川市,童夢ガーデン本八幡,ﾄﾞｳﾑｶﾞｰﾃﾞﾝﾓﾄﾔﾜﾀ,,その他,122033,,千葉県市川市東菅野3丁目18-101階,千葉県,市川市,東菅野3丁目,18-10,1階,35.73235702,139.9310749,,,,,(047)374-3313,,,,,,,,,,,,,,,,,,,,,,,,,,,,,,,
122033,,市川市,みどりキッズガーデン,ﾐﾄﾞﾘｷｯｽﾞｶﾞｰﾃﾞﾝ,,その他,122033,,千葉県市川市中山3丁目10-4,千葉県,市川市,中山3丁目,10-4,,35.71993161,139.9494526,,,,,(047)334-1224,,,,,,,,,,,,,,,,,,,,,,,,,,,,,,,
122033,,市川市,ぽっかぽっかにっけなーさりー,ﾎﾟｯｶﾎﾟｯｶﾆｯｹﾅｰｻﾘｰ,,その他,122033,,千葉県市川市北方1丁目3-7,千葉県,市川市,北方1丁目,3-7,,35.72228909,139.9370582,,,,,(047)316-1130,,,,,,,,,,,,,,,,,,,,,,,,,,,,,,,
122033,,市川市,保育＆スクールＷｈｉｚｚＫｉｄｓ市川駅前園,ﾎｲｸｱﾝﾄﾞｽｸｰﾙｳｲｽﾞｷｯｽﾞｲﾁｶﾜｴｷﾏｴｴﾝ,,その他,122033,,千葉県市川市市川南1丁目8-29,千葉県,市川市,市川南1丁目,8-29,,35.72806545,139.9065945,,,,,(047)326-1506,,,,,,,,,,,,,,,,,,,,,,,,,,,,http://www.whizzkids.jp/,,,
122033,,市川市,小規模保育園ミニミー,ｼｮｳｷﾎﾞﾎｲｸｴﾝﾐﾆﾐｰ,,その他,122033,,千葉県市川市原木2丁目1-1,千葉県,市川市,原木2丁目,1-1,,35.7017918,139.9426006,,,,,(047)328-6111,,,,,,,,,,,,,,,,,,,,,,,,,,,,https://www.i-nursery.co.jp/,,,
122033,,市川市,すくすく行徳ほいくえん,ｽｸｽｸｷﾞｮｳﾄｸﾎｲｸｴﾝ,,その他,122033,,千葉県市川市行徳駅前1丁目7-91階,千葉県,市川市,行徳駅前1丁目,7-9,1階,35.68330632,139.9169508,,,,,(047)705-0682,,,,,,,,,,,,,,,,,,,,,,,,,,,,,,,
122033,,市川市,incipit保育園,ｲﾝｷｭﾋﾟｯﾄﾎｲｸｴﾝ,,その他,122033,,千葉県市川市南行徳1丁目12-7-101,千葉県,市川市,南行徳1丁目,12-7-101,,35.67208532,139.9050887,,,,,(047)314-1183,,,,,,,,,,,,,,,,,,,,,,,,,,,,,,,
122033,,市川市,ゆずのき保育いちかわぎょうとく園,ﾕｽﾞﾉｷﾎｲｸｲﾁｶﾜｷﾞｮｳﾄｸｴﾝ,,その他,122033,,千葉県市川市南行徳1丁目20-132階,千葉県,市川市,南行徳1丁目,20-13,2階,35.67206158,139.9018846,,,,,(047)314-8192,,,,,,,,,,,,,,,,,,,,,,,,,,,,https://yuzunoki-blog.net/,,,
122033,,市川市,しゃりっこキッズ保育園,ｼｬﾘｯｺｷｯｽﾞﾎｲｸｴﾝ,,その他,122033,,千葉県市川市堀之内3丁目18-25 グリーンマノリアル2階,千葉県,市川市,堀之内3丁目,18-25 ,グリーンマノリアル2階,35.76216372,139.9140331,,,,,(047)712-1681,,,,,,,,,,,,,,,,,,,,,,,,,,,,,,,
122033,,市川市,育脳保育園みらいっぽ市川南,ｲｸﾉｳﾎｲｸｴﾝﾐﾗｲｯﾎﾟｲﾁｶﾜﾐﾅﾐ,,その他,122033,,千葉県市川市市川南3丁目3-10,千葉県,市川市,市川南3丁目,3-10,,35.72894283,139.9037339,,,,,(047)314-8015,,,,,,,,,,,,,,,,,,,,,,,,,,,,,,,
122033,,市川市,市川さんさん保育園,ｲﾁｶﾜｻﾝｻﾝﾎｲｸｴﾝ,,その他,122033,,千葉県市川市新田2丁目31-25 SAP ICHIKAWA 1階,千葉県,市川市,新田2丁目,31-25 ,SAP ICHIKAWA 1階,35.72631289,139.9117978,,,,,(047)712-7520,,,,,,,,,,,,,,,,,,,,,,,,,,,,,,,
122033,,市川市,Kids Resort MOTOYAWATA,ｷｯｽﾞﾘｿﾞｰﾄﾓﾄﾔﾜﾀ,,その他,122033,,千葉県市川市南八幡4丁目4-17 ナイスアーバン本八幡,千葉県,市川市,南八幡4丁目,4-17 ,ナイスアーバン本八幡,35.7204705,139.9250646,,,,,(047)711-1871,,,,,,,,,,,,,,,,,,,,,,,,,,,,,,,
122033,,市川市,本八幡はっぴー保育園,ﾓﾄﾔﾜﾀﾊｯﾋﾟｰﾎｲｸｴﾝ,,その他,122033,,千葉県市川市南八幡3丁目7-1 村山ビル2階,千葉県,市川市,南八幡3丁目,7-1 ,村山ビル2階,35.71982849,139.9279347,,,,,(047)393-0881,,,,,,,,,,,,,,,,,,,,,,,,,,,,,,,
122033,,市川市,サンライズキッズ保育園市川園,ｻﾝﾗｲｽﾞｷｯｽﾞﾎｲｸｴﾝｲﾁｶﾜｴﾝ,,その他,122033,,千葉県市川市南八幡3丁目7-19大和ビル2階,千葉県,市川市,南八幡3丁目,7-19,大和ビル2階,35.71953536,139.9278345,,,,,(050)5807-2379,,,,,,,,,,,,,,,,,,,,,,,,,,,,,,,
122033,,市川市,保育ルームキューティーアイ,ﾎｲｸﾙｰﾑｷｭｰﾃｨｰｱｲ,,その他,122033,,千葉県市川市南八幡3丁目14-17  bill aina 3階 B,千葉県,市川市,南八幡3丁目,14-17  ,bill aina 3階 B,35.71805359,139.9262308,,,,,(047)712-8555,,,,,,,,,,,,,,,,,,,,,,,,,,,,,,,
122033,,市川市,南行徳せいわ保育園,ﾐﾅﾐｷﾞｮｳﾄｸｾｲﾜﾎｲｳｹﾝ,,その他,122033,,千葉県市川市南行徳1丁目6-12 サンシティ南行徳I 105号,千葉県,市川市,南行徳1丁目,6-12 ,サンシティ南行徳I 105号,35.67271892,139.9056432,,,,,(047)316-1165,,,,,,,,,,,,,,,,,,,,,,,,,,,,,,,
122033,,市川市,みらいそや保育園,ﾐﾗｲｿﾔﾎｲｸｴﾝ,,その他,122033,,千葉県市川市曽谷5丁目5-3,千葉県,市川市,曽谷5丁目,5-3,,35.7454693,139.9281816,,,,,(047)701-5421,,,,,,,,,,,,,,,,,,,,,,,,,,,,,,,
122033,,市川市,市川南はっぴー保育園,ｲﾁｶﾜﾐﾅﾐﾊｯﾋﾟｰﾎｲｸｴﾝ,,その他,122033,,千葉県市川市市川南1丁目2-7,千葉県,市川市,市川南1丁目,2-7,,35.72691755,139.9083731,,,,,(047)323-0881,,,,,,,,,,,,,,,,,,,,,,,,,,,,,,,
122033,,市川市,MIRATZ市川保育園,ﾐﾗｯﾂｲﾁｶﾜﾎｲｸｴﾝ,,その他,122033,,千葉県市川市市川1丁目4-17 アクティオーレ市川3階,千葉県,市川市,市川1丁目,4-17 ,アクティオーレ市川3階,35.72928734,139.9089165,,,,,(047)307-9160,,,,,,,,,,,,,,,,,,,,,,,,,,,,,,,
122033,,市川市,ムースナーサリー,ﾑｰｽﾅｰｻﾘｰ,,その他,122033,,千葉県市川市市川3丁目27-16　ライオンズマンション国府台102号,千葉県,市川市,市川3丁目,27-16　,ライオンズマンション国府台102号,35.73798164,139.9027667,,,,,(047)319-8201,,,,,,,,,,,,,,,,,,,,,,,,,,,,,,,
122033,,市川市,南行徳トライキッズ,ﾐﾅﾐｷﾞｮｳﾄｸﾄﾗｲｷｯｽﾞﾎｲｸｴﾝ,,その他,122033,,千葉県市川市相之川4丁目13-18　K&Fフラッツ?U１階,千葉県,市川市,相之川4丁目,13-18　,K&Fフラッツ?U１階,35.67346686,139.8993972,,,,,(047)712-5655,,,,,,,,,,,,,,,,,,,,,,,,,,,,,,,
122033,,市川市,南行徳サンフラワー保育園,ﾐﾅﾐｷﾞｮｳﾄｸｻﾝﾌﾗﾜｰﾎｲｸｴﾝ,,その他,122033,,千葉県市川市南行徳1丁目21-6フランシール1階,千葉県,市川市,南行徳1丁目,21-6,フランシール1階,35.6714387,139.901303,,,,,(047)314-8448,,,,,,,,,,,,,,,,,,,,,,,,,,,,,,,
122033,,市川市,ル・アンジェ南行徳小規模保育園,ﾙｱﾝｼﾞｪﾐﾅﾐｷﾞｮｳﾄｸｼｮｳｷﾎﾞﾎｲｸｴﾝ,,その他,122033,,千葉県市川市新井3丁目5-1,千葉県,市川市,新井3丁目,5-1,,35.6716391,139.9004314,,,,,(047)303-3500,,,,,,,,,,,,,,,,,,,,,,,,,,,,,,,
122033,,市川市,つくしんぼ保育所,ﾂｸｼﾝﾎﾞﾎｲｸｼﾞｮ,,その他,122033,,千葉県市川市国府台1‐7‐1,千葉県,市川市,国府台,1‐7‐1,,35.74607769,139.9035544,,,,,(047)375-4742,3769,,,,,,,,,,,,,,,,,,,,,,,,,,,,,,
122033,,市川市,育脳保育園みらいっぽ,ｲｸﾉｳﾎｲｸｴﾝﾐﾗｲｯﾎﾟ,,その他,122033,,千葉県市川市八幡3丁目8-19,千葉県,市川市,八幡3丁目,8-19,,35.72311005,139.9250331,,,,,(080)3415-4173,,,,,,,,,,,,,,,,,,,,,,,,,,,,https://www.mirai-ku.com/,,,
122033,,市川市,BARNKLUBB ICHIKAWA保育園,ﾊﾞｰﾝｸﾗﾌﾞｲﾁｶﾜﾎｲｸｴﾝ,,その他,122033,,千葉県市川市二俣678-551F,千葉県,市川市,二俣,678-55,1F,35.6958581,139.9585936,,,,,(047)318-3332,,,,,,,,,,,,,,,,,,,,,,,,,,,,,,,
122033,,市川市,にじいろおうちえん,ﾆｼﾞｲﾛｵｳﾁｴﾝ,,その他,122033,,千葉県市川市市川1丁目12-23　2F,千葉県,市川市,市川1丁目,12-23　,2F,35.73104227,139.9080278,,,,,(047)712-5022,,,,,,,,,,,,,,,,,,,,,,,,,,,,https://www.nijiiroouchien.com,,,
122033,,市川市,そらのこどもたち,ｿﾗﾉｺﾄﾞﾓﾀﾁ,,その他,122033,,千葉県市川市市川1丁目4-10　8F,千葉県,市川市,市川1丁目,4-10　,8F,35.7293466,139.9084016,,,,,(047)329-2351,,,,,,,,,,,,,,,,,,,,,,,,,,,,https://www.sorakodo.jp,,,
122033,,市川市,オルカキッズ保育園,ｵﾙｶｷｯｽﾞﾎｲｸｴﾝ,,その他,122033,,千葉県市川市市川南1丁目10-1-215,千葉県,市川市,市川南1丁目,10-1-215,,35.72907256,139.9062794,,,,,(047)318-3036,,,,,,,,,,,,,,,,,,,,,,,,,,,,https://orcakidz.com,,,
122033,,市川市,ことり保育園本八幡園,ｺﾄﾘﾎｲｸｴﾝﾓﾄﾔﾜﾀｴﾝ,,その他,122033,,千葉県市川市八幡3丁目3-2-107,千葉県,市川市,八幡3丁目,3-2-107,,35.72290493,139.9274912,,,,,(047)711-3831,,,,,,,,,,,,,,,,,,,,,,,,,,,,https://kotori-hoiku.com/motoyawata/,,,
122033,,市川市,コンパス幼保園,ｺﾝﾊﾟｽﾖｳﾎｴﾝ,,その他,122033,,千葉県市川市行徳駅前1丁目22-13　4F,千葉県,市川市,行徳駅前1丁目,22-13　,4F,35.68383011,139.9143134,,,,,(047)321-6330,,,,,,,,,,,,,,,,,,,,,,,,,,,,http://compass.fun,,,
122033,,市川市,らいおんハート保育園,ﾗｲｵﾝﾊｰﾄﾎｲｸｴﾝ,,その他,122033,,千葉県市川市行徳駅前1丁目5-1　1F,千葉県,市川市,行徳駅前1丁目,5-1　,1F,35.68450454,139.9169851,,,,,(047)704-8600,,,,,,,,,,,,,,,,,,,,,,,,,,,,,,,
122033,,市川市,いちかわ保育所,ｲﾁｶﾜﾎｲｸｼｮ,,その他,122033,,千葉県市川市高谷3丁目1-20,千葉県,市川市,高谷3丁目,1-20,,35.6973621,139.9417853,,,,,(047)329-6087,,,,,,,,,,,,,,,,,,,,,,,,,,,,,,,
122033,,市川市,いせやナーサリー本八幡園,ｲｾﾔﾅｰｻﾘｰﾓﾄﾔﾜﾀｴﾝ,,その他,122033,,千葉県市川市平田3丁目11-20,千葉県,市川市,平田3丁目,11-20,,35.7222682,139.9200902,,,,,(047)711-4751,,,,,,,,,,,,,,,,,,,,,,,,,,,,https://iseya-nursery.co.jp,,,
122033,,市川市,八幡親子つどいの広場,ﾔﾜﾀｵﾔｺﾂﾄﾞｲﾉﾋﾛﾊﾞ,,その他,122033,,千葉県市川市八幡3丁目4-1,千葉県,市川市,八幡3丁目,4-1,,35.72355939,139.9266183,,,,無,(047)704-9770,,,,,,,,,,,,,,,,,,,,,,,,,,,,https://www.city.ichikawa.lg.jp/chi01/1111000250.html,,,月〜土　10時〜16時　主に０歳〜３歳までのお子さんと保護者、妊婦さんが遊んだり、お友達作りや情報交換ができるところです。楽しい企画やイベントも開催しています。詳しくは各広場のおたよりをご覧ください。
122033,,市川市,新浜親子つどいの広場,ﾆｲﾊﾏｵﾔｺﾂﾄﾞｲノﾋﾛﾊﾞ,,その他,122033,,千葉県市川市新浜1丁目26-1,千葉県,市川市,新浜1丁目,26-1,,35.67463591,139.9166496,,,,無,(047)701-5581,,,,,,,,,,,,,,,,,,,,,,,,,,,,https://www.city.ichikawa.lg.jp/chi01/1111000250.html,,,月〜土　10時〜16時　主に０歳〜３歳までのお子さんと保護者、妊婦さんが遊んだり、お友達作りや情報交換ができるところです。楽しい企画やイベントも開催しています。詳しくは各広場のおたよりをご覧ください。
122033,,市川市,新井親子つどいの広場,ｱﾗｲｵﾔｺﾂﾄﾞｲﾉﾋﾛﾊﾞ,,その他,122033,,千葉県市川市新井3丁目31-1,千葉県,市川市,新井3丁目,31-1,,35.66974838,139.8986617,,,,無,(047)312-6336,,,,,,,,,,,,,,,,,,,,,,,,,,,,https://www.city.ichikawa.lg.jp/chi01/1111000250.html,,,月〜土　10時〜16時　主に０歳〜３歳までのお子さんと保護者、妊婦さんが遊んだり、お友達作りや情報交換ができるところです。楽しい企画やイベントも開催しています。詳しくは各広場のおたよりをご覧ください。
122033,,市川市,みどりようちえんベイビーセンター,ﾐﾄﾞﾘﾖｳﾁｴﾝﾍﾞｲﾋﾞｰｾﾝﾀ-,,その他,122033,,千葉県市川市中山3丁目10-4,千葉県,市川市,中山3丁目,10-4,,35.71993161,139.9494526,,,,,(047)334-1224,,,,,,,,,,,,,,,,,,,,,,,,,,,,https://www.midorikg.com/,,,月〜金9時30分〜14時30分○お部屋の中にはライブラリーがあり雨の日でも安心して遊べるお庭もあります。幼稚園の中にあるお部屋では在園児の様子を見ることができるので、今後の成長のイメージが湧きます。
122033,,市川市,CMS市川大野子育て支援センター,ｼｰｴﾑｴｽｲﾁｶﾜｵｵﾉｺｿﾀﾞﾃｼｴﾝｾﾝﾀｰ,,その他,122033,,千葉県市川市大野町3丁目1438-1,千葉県,市川市,大野町3丁目,1438-1,,35.75558954,139.9512352,,,,,(047)339-3331,,,,,,,,,,,,,,,,,,,,,,,,,,,,http://ins.tksg.ed.jp/childcare/index.html,,,月〜金9時〜11時30分、13時00分〜15時30分○子育ての不安や悩みのご相談にのり、お子さんの健やかな育ちをサポートします。青空教室（砂場遊び）、あそびの広場（製作）、ハイハイフロア、身体測定、ベビーマッサージ など
122033,,市川市,昭和学院もこもこ・こどもセンター,ｼｮｳﾜｶﾞｸｲﾝﾓｺﾓｺ･ｺﾄﾞﾓｾﾝﾀｰ,,その他,122033,,千葉県市川市東菅野2丁目1７-1,千葉県,市川市,東菅野2丁目,1７-1,,35.73437097,139.9301414,,,,,(047)326-2213,,,,,,,,,,,,,,,,,,,,,,,,,,,,http://www.showagakuin.ac.jp/mokomoko/,,,月〜金9時30分〜12時、13時〜15時30分○広いお部屋に木の玩具、ボールプールなどがあり、絵本ひろば、人形劇、ミニ講座、子育て相談などを行っています。
122033,,市川市,CMSいちかわキッズ子育て支援センター,ｼｰｴﾑｴｽｲﾁｶﾜｷｯｽﾞｺｿﾀﾞﾃｼｴﾝｾﾝﾀｰ,,その他,122033,,千葉県市川市市川南1丁目10-1ザタワーズウエスト3階,千葉県,市川市,市川南1丁目,10-1,ザタワーズウエスト3階,35.72906302,139.9062765,,,,,(047)322-8733,,,,,,,,,,,,,,,,,,,,,,,,,,,,http://iks.tksg.ed.jp/childcare/index.html,,,月〜金9時〜11時30分、13時〜15時30分○親子で自由に遊べお子さんの成長に合わせたフロアー（ベビーフロアー、わくわくフロアー）親子で自由に遊べます。遊びの広場 ( 製作)、ベビーマッサージ、HAPPY マタニティなど。妊婦さんもお待ちしています。
122033,,市川市,キッド・ステイこどもセンター,ｷｯﾄﾞ・ｽﾃｲｺﾄﾞﾓｾﾝﾀｰ,,その他,122033,,千葉県市川市香取2丁目19-10,千葉県,市川市,香取2丁目,19-10,,35.67812057,139.908734,,,,,(047)390-1180,,,,,,,,,,,,,,,,,,,,,,,,,,,,http://www.kidstay.jp/kidscenter/,,,月〜金9時〜12時、13時〜16時○子育て講座 、ベビーマッサージ、HAPPY マタニティ、身体測定ができます。ナース、栄養士、保育士による相談なども随時受付ています。
122033,,市川市,チェリーズ・こどもセンター,ﾁｪﾘｰｽﾞ・ｺﾄﾞﾓｾﾝﾀｰ,,その他,122033,,千葉県市川市市川南2丁目6-22,千葉県,市川市,市川南2丁目,6-22,,35.72365203,139.9045634,,,,,(047)322-0064,,,,,,,,,,,,,,,,,,,,,,,,,,,,http://kikkokai.wixsite.com/kikkokai/blank-1,,,月〜金9時30分〜12時、13時〜15時30分○お子さんの成長に合わせたオープンスペースがあります。子どもの食事講座、あおぞら広場（公園での外遊び）など
122033,,市川市,わたぐも・こどもセンター,ﾜﾀｸﾞﾓ・ｺﾄﾞﾓｾﾝﾀｰ,,その他,122033,,千葉県市川市原木2丁目10-13,千葉県,市川市,原木2丁目,10-13,,35.7006287,139.9466597,,,,,(070)6657-7695,,,,,,,,,,,,,,,,,,,,,,,,,,,,https://watagumocenter.web.fc2.com/,,,月〜金9時〜14時○広場は年齢別になっています。育児講座（発育計測なども可）水遊び、HAPPY マタニティ、誕生会など
122033,,市川市,妙典保育園地域子育て支援センター,ﾐｮｳﾃﾞﾝﾎｲｸｴﾝﾁｲｷｺｿﾀﾞﾃｼｴﾝｾﾝﾀｰ,,その他,122033,,千葉県市川市妙典6丁目2-45,千葉県,市川市,妙典6丁目,2-45,,35.69557209,139.9307187,,,,,(047)398-1631,,,,,,,,,,,,,,,,,,,,,,,,,,,,https://www.ans.co.jp/u/suginokikai/myoden/index.html,,,月〜金9時〜12時、13時〜15時○親子の広場（全年齢、年齢別の時間があります）、園庭開放、HAPPY マタニティ（妊婦）、育児講座、わらべ歌　など
122033,,市川市,シーガル・こどもセンター,ｼｰｶﾞﾙ・ｺﾄﾞﾓｾﾝﾀｰ,,その他,122033,,千葉県市川市幸2丁目8-1７,千葉県,市川市,幸2丁目,8-1７,,35.67890767,139.92632,,,,,(047)396-2252,,,,,,,,,,,,,,,,,,,,,,,,,,,,http://www.aisen.or.jp/seagull.html,,,月〜金10時〜15時○なかよし広場（センター開放）、園庭開放、HAPPY マタニティ、チャイルドケア、誕生日会 、給食会など
122033,,市川市,こあらっこ・こどもセンター,ｺｱﾗｯｺ・ｺﾄﾞﾓｾﾝﾀｰ,,その他,122033,,千葉県市川市国府台2丁目9-13,千葉県,市川市,国府台2丁目,9-13,,35.7461462,139.9005387,,,,,(047)373-1408,,,,,,,,,,,,,,,,,,,,,,,,,,,,http://www.kounodaihoikuen.com/,,,月〜金9時30分〜14時30分○HAPPY マタニティー（妊婦）、月１ 回土曜日（不定期）里見公園散歩・菅野公民館で、製作や触れ合い遊びなど、楽しい企画も実施しています。
122033,,市川市,さかえ・こどもセンター,ｻｶｴ・ｺﾄﾞﾓｾﾝﾀｰ,,その他,122033,,千葉県市川市北国分4丁目10-3,千葉県,市川市,北国分4丁目,10-3,,35.76321014,139.9079875,,,,,(047)373-0191,,,,,,,,,,,,,,,,,,,,,,,,,,,,https://kazenotanihoikuen.com/center.html,,,月〜金10時〜15時○オープンスペース（午前１才以上、午後０才児と妊婦さん）　園庭開放、離乳食講座、心理士相談、HAPPY マタニティ（妊婦）、園庭で水遊び泥遊びなど
122033,,市川市,塩浜こども館,ｼｵﾊﾏｺﾄﾞﾓｶﾝ,,児童館,122033,,千葉県市川市塩浜4丁目3ハイタウン塩浜1号棟103号,千葉県,市川市,塩浜4丁目,3,ハイタウン塩浜1号棟103号,35.66331897,139.913029,,,,,(047)396-1765,,,,,,,,,,,,,,,,,,,,,,,,,,,,https://www.city.ichikawa.lg.jp/chi01/1111000263.html,,,火〜日　9時〜12時、13時〜17時　※詳細は、こども館ＨＰでご確認ください。〇窓が大きく開放的なワンルームのお部屋です。乳幼児用玩具や手作り玩具、絵本などで楽しめる乳幼児コーナーがあり、小学生以上は卓球やボードゲームで遊ぶことができます。
122033,,市川市,市川こども館,ｲﾁｶﾜｺﾄﾞﾓｶﾝ,,児童館,122033,,千葉県市川市市川2丁目33-6,千葉県,市川市,市川2丁目,33-6,,35.73121589,139.906034,,,,,(047)322-1404,,,,,,,,,,,,,,,,,,,,,,,,,,,,https://www.city.ichikawa.lg.jp/chi01/1111000263.html,,,火〜日　9時〜17時　※詳細は、こども館ＨＰでご確認ください。〇1階は、小学生以上があそべる卓球やボードゲーム、工作等を楽しめる児童コーナーがあります。2階は、乳幼児玩具、絵本などが用意された乳幼児コーナーです。小さな赤ちゃんでも安心し
122033,,市川市,信篤こども館,ｼﾝﾄｸｺﾄﾞﾓｶﾝ,,児童館,122033,,千葉県市川市高谷1丁目8-1,千葉県,市川市,高谷1丁目,8-1,,35.70170712,139.9418194,,,,,(047)327-0141,,,,,,,,,,,,,,,,,,,,,,,,,,,,https://www.city.ichikawa.lg.jp/chi01/1111000263.html,,,火〜日　9時〜12時、13時〜17時　※詳細は、こども館ＨＰでご確認ください。〇南側に窓が多く、明るい室内は冬も暖かです。１ルームで小さなお部屋ですが、家庭的な雰囲気の中、乳幼児も小学生もスペースを分けて、遊びを楽しむことができます。
122033,,市川市,曽谷こども館,ｿﾔｺﾄﾞﾓｶﾝ,,児童館,122033,,千葉県市川市曽谷6丁目25-5,千葉県,市川市,曽谷6丁目,25-5,,35.7436586,139.9273946,,,,,(047)372-2892,,,,,,,,,,,,,,,,,,,,,,,,,,,,https://www.city.ichikawa.lg.jp/chi01/1111000263.html,,,火〜日　9時〜12時、13時〜17時　※詳細は、こども館ＨＰでご確認ください。〇曽谷公民館の2階にあり、小さい部屋ながら平日の午前中は乳幼児親子で賑わっています。また、平日の午後や土・日は小・中学生も来館し、ボードゲームや工作などを楽しんでいます。
122033,,市川市,相之川こども館,ｱｲﾉｶﾜｺﾄﾞﾓｶﾝ,,児童館,122033,,千葉県市川市相之川1丁目3-７,千葉県,市川市,相之川1丁目,3-７,,35.68023216,139.8991291,,,,,(047)356-7381,,,,,,,,,,,,,,,,,,,,,,,,,,,,https://www.city.ichikawa.lg.jp/chi01/1111000263.html,,,火〜日　9時〜17時　※詳細は、こども館ＨＰでご確認ください。〇館内の広々とした遊戯室では、卓球やボードゲームなどで楽しむことができます。乳幼児向けのお部屋では数多くの玩具も揃っており、一日中子ども達の賑やかな声が響いています。
122033,,市川市,大洲こども館,ｵｵｽｺﾄﾞﾓｶﾝ,,児童館,122033,,千葉県市川市大洲4丁目18-3,千葉県,市川市,大洲4丁目,18-3,,35.72272942,139.9064923,,,,,(047)376-1212,,,,,,,,,,,,,,,,,,,,,,,,,,,,https://www.city.ichikawa.lg.jp/chi01/1111000263.html,,,火〜日　9時〜12時、13時〜17時　※詳細は、こども館ＨＰでご確認ください。〇部屋が2つに分かれており、1つは滑り台やままごとなど乳幼児親子が遊べるフローリングの部屋。もう一つは、小学生以上を対象とし、ボードゲームやブロック、ビリヤードのようなバンパ
122033,,市川市,中央こども館,ﾁｭｳｵｳｺﾄﾞﾓｶﾝ,,児童館,122033,,千葉県市川市鬼高1丁目1-4,千葉県,市川市,鬼高1丁目,1-4,,35.71605852,139.9322024,,,,,(047)320-3337,,,,,,,,,,,,,,,,,,,,,,,,,,,,https://www.city.ichikawa.lg.jp/chi01/1111000263.html,,,火〜金　10時〜18時、土日祝日　10時〜17時  ※詳細は、こども館ＨＰでご確認ください。〇市内で一番大きいこども館です。1階では、小学生以上対象のミニバスケや卓球などの軽スポーツが楽しめます。中学生以上が使えるフリールームでのんびり遊ぶ事もできます。2階には乳幼
122033,,市川市,中国分こども館,ﾅｶｺｸﾌﾞﾝｺﾄﾞﾓｶﾝ,,児童館,122033,,千葉県市川市中国分2丁目13-8,千葉県,市川市,中国分2丁目,13-8,,35.74937749,139.9133368,,,,,(047)375-6547,,,,,,,,,,,,,,,,,,,,,,,,,,,,https://www.city.ichikawa.lg.jp/chi01/1111000263.html,,,火〜日　9時〜12時、13時〜17時　※詳細は、こども館ＨＰでご確認ください。〇西部公民館の2階にあり、乳幼児玩具・ボードゲーム・工作などを用意しています。小学生以上であれば、卓球など友達と一緒に楽しめる遊具も揃っています。
122033,,市川市,田尻こども館,ﾀｼﾞﾘｺﾄﾞﾓｶﾝ,,児童館,122033,,千葉県市川市田尻4丁目13-3,千葉県,市川市,田尻4丁目,13-3,,35.70333316,139.9344194,,,,,(047)379-1863,,,,,,,,,,,,,,,,,,,,,,,,,,,,https://www.city.ichikawa.lg.jp/chi01/1111000263.html,,,火〜日　9時〜12時、13時〜17時　※詳細は、こども館ＨＰでご確認ください。〇いきいきセンター田尻2階のお部屋です。広々とした１ルームのお部屋ですが、遊びのコーナーが分かれているのでゆったりと遊ぶことができます。乳幼児はおままごとや玩具、小学生は卓?
122033,,市川市,南八幡こども館,ﾐﾅﾐﾔﾜﾀｺﾄﾞﾓｶﾝ,,児童館,122033,,千葉県市川市南八幡2丁目20-1,千葉県,市川市,南八幡2丁目,20-1,,35.71385327,139.9274452,,,,,(047)376-1118,,,,,,,,,,,,,,,,,,,,,,,,,,,,https://www.city.ichikawa.lg.jp/chi01/1111000263.html,,,火〜日　9時〜12時、13時〜17時　※詳細は、こども館ＨＰでご確認ください。〇勤労福祉センターの1階にあります。3つの部屋に分かれており、年齢に応じて遊びやすくなっています。小中高校生コーナーには卓球台が２台あり、ボードゲームも様々あるので土日や長期
122033,,市川市,柏井こども館,ｶｼﾜｲｺﾄﾞﾓｶﾝ,,児童館,122033,,千葉県市川市柏井町2丁目844,千葉県,市川市,柏井町2丁目,844,,35.74600142,139.9654137,,,,,(047)339-3754,,,,,,,,,,,,,,,,,,,,,,,,,,,,https://www.city.ichikawa.lg.jp/chi01/1111000263.html,,,火〜日　9時〜12時、13時〜17時　※詳細は、こども館ＨＰでご確認ください。〇公民館の２階にあります。大きな桜の木や、小さな草花に囲まれた緑豊かな場にあります。『赤ちゃんの駅』として授乳スペースもあります。乳幼児は玩具あそび、小中学生はボードゲー??
122033,,市川市,本行徳こども館,ﾎﾝｷﾞｮｳﾄｸｺﾄﾞﾓｶﾝ,,児童館,122033,,千葉県市川市本行徳12-8,千葉県,市川市,本行徳,12-8,,35.69455703,139.9182963,,,,,(047)359-1351,,,,,,,,,,,,,,,,,,,,,,,,,,,,https://www.city.ichikawa.lg.jp/chi01/1111000263.html,,,火〜日　9時〜12時、13時〜17時　※詳細は、こども館ＨＰでご確認ください。〇公民館2階にある小さい部屋で、家庭的な雰囲気の中で皆過ごしています。日当たりもよく、乳幼児用の玩具や小学生以上が楽しめるゲーム類も揃っています。
122033,,市川市,本北方こども館,ﾓﾄｷﾀｶﾀｺﾄﾞﾓｶﾝ,,児童館,122033,,千葉県市川市本北方3丁目19-16,千葉県,市川市,本北方3丁目,19-16,,35.72880347,139.9508315,,,,,(047)337-8936,,,,,,,,,,,,,,,,,,,,,,,,,,,,https://www.city.ichikawa.lg.jp/chi01/1111000263.html,,,火〜日　9時〜12時、13時〜17時　※詳細は、こども館ＨＰでご確認ください。〇公民館の１階にある日当たりのいいフローリングのお部屋となっています。午前は乳幼児親子で賑わい、午後は小学生がボードゲームなどで楽しんでいます。
122033,,市川市,末広こども館,ｽｴﾋﾛｺﾄﾞﾓｶﾝ,,児童館,122033,,千葉県市川市末広1丁目1-31,千葉県,市川市,末広1丁目,1-31,,35.68587593,139.9162256,,,,,(047)359-1671,,,,,,,,,,,,,,,,,,,,,,,,,,,,https://www.city.ichikawa.lg.jp/chi01/1111000263.html,,,火〜日　9時〜12時、13時〜17時　※詳細は、こども館ＨＰでご確認ください。〇行徳支所2階の日当たりの良いＬ字型のお部屋で、床はフローリングとなっています。乳幼児向けの玩具も豊富で安心してゆったり過ごせます。小学生以上なら、簡単工作や多数のボードゲ?
122033,,市川市,稲荷木放課後保育クラブ,ﾄｳｶｷﾞｼｮｳｶﾞｯｺｳﾎｳｶｺﾞﾎｲｸｸﾗﾌﾞ,,放課後児童クラブ,122033,,千葉県市川市稲荷木1丁目14-1,千葉県,市川市,稲荷木1丁目,14-1,,35.71145542,139.921577,,,,無,(047)383-9419,,,,,,,,,,,,,,,,,,,,,,,,,,,,http://www.city.ichikawa.lg.jp/edu11/1511000001.html,,,放課後等に保護者が家に居ない小学生に、家庭に代わる遊びと生活の場を提供する。
122033,,市川市,鶴指小学校放課後保育クラブ,ﾂﾙｻｼｼｮｳｶﾞｯｺｳﾎｳｶｺﾞﾎｲｸｸﾗﾌﾞ,,放課後児童クラブ,122033,,千葉県市川市大和田4丁目11-1,千葉県,市川市,大和田4丁目,11-1,,35.71810933,139.9161189,,,,無,(047)383-9419,,,,,,,,,,,,,,,,,,,,,,,,,,,,http://www.city.ichikawa.lg.jp/edu11/1511000001.html,,,放課後等に保護者が家に居ない小学生に、家庭に代わる遊びと生活の場を提供する。
122033,,市川市,塩浜小学校放課後保育クラブ,ｼｵﾊﾏｼｮｳｶﾞｯｺｳﾎｳｶｺﾞﾎｲｸｸﾗﾌﾞ,,放課後児童クラブ,122033,,千葉県市川市塩浜4丁目5-1,千葉県,市川市,塩浜4丁目,5-1,,35.66457967,139.9144451,,,,無,(047)383-9419,,,,,,,,,,,,,,,,,,,,,,,,,,,,http://www.city.ichikawa.lg.jp/edu11/1511000001.html,,,放課後等に保護者が家に居ない小学生に、家庭に代わる遊びと生活の場を提供する。
122033,,市川市,曽谷小学校放課後保育クラブ,ｿﾔｼｮｳｶﾞｯｺｳﾎｳｶｺﾞﾎｲｸｸﾗﾌﾞ,,放課後児童クラブ,122033,,千葉県市川市曽谷７丁目18-1,千葉県,市川市,曽谷７丁目,18-1,,35.74679,139.9275724,,,,無,(047)383-9419,,,,,,,,,,,,,,,,,,,,,,,,,,,,http://www.city.ichikawa.lg.jp/edu11/1511000001.html,,,放課後等に保護者が家に居ない小学生に、家庭に代わる遊びと生活の場を提供する。
122033,,市川市,市川小学校放課後保育クラブ,ｲﾁｶﾜｼｮｳｶﾞｯｺｳﾎｳｶｺﾞﾎｲｸｸﾗﾌﾞ,,放課後児童クラブ,122033,,千葉県市川市市川2丁目32-5,千葉県,市川市,市川2丁目,32-5,,35.73177608,139.9055184,,,,無,(047)383-9419,,,,,,,,,,,,,,,,,,,,,,,,,,,,http://www.city.ichikawa.lg.jp/edu11/1511000001.html,,,放課後等に保護者が家に居ない小学生に、家庭に代わる遊びと生活の場を提供する。
122033,,市川市,八幡小学校放課後保育クラブ,ﾔﾜﾀｼｮｳｶﾞｯｺｳﾎｳｶｺﾞﾎｲｸｸﾗﾌﾞ,,放課後児童クラブ,122033,,千葉県市川市八幡3丁目24-1,千葉県,市川市,八幡3丁目,24-1,,35.72556167,139.9274798,,,,無,(047)383-9419,,,,,,,,,,,,,,,,,,,,,,,,,,,,http://www.city.ichikawa.lg.jp/edu11/1511000001.html,,,放課後等に保護者が家に居ない小学生に、家庭に代わる遊びと生活の場を提供する。
122033,,市川市,真間小学校放課後保育クラブ,ｼﾏﾏｼｮｳｶﾞｯｺｳﾎｳｶｺﾞﾎｲｸｸﾗﾌﾞ,,放課後児童クラブ,122033,,千葉県市川市真間4丁目1-1,千葉県,市川市,真間4丁目,1-1,,35.73767578,139.9107106,,,,無,(047)383-9419,,,,,,,,,,,,,,,,,,,,,,,,,,,,http://www.city.ichikawa.lg.jp/edu11/1511000001.html,,,放課後等に保護者が家に居ない小学生に、家庭に代わる遊びと生活の場を提供する。
122033,,市川市,中山小学校放課後保育クラブ,ﾅｶﾔﾏｼｮｳｶﾞｯｺｳﾎｳｶｺﾞﾎｲｸｸﾗﾌﾞ,,放課後児童クラブ,122033,,千葉県市川市中山1丁目1-5,千葉県,市川市,中山1丁目,1-5,,35.72179489,139.9438774,,,,無,(047)383-9419,,,,,,,,,,,,,,,,,,,,,,,,,,,,http://www.city.ichikawa.lg.jp/edu11/1511000001.html,,,放課後等に保護者が家に居ない小学生に、家庭に代わる遊びと生活の場を提供する。
122033,,市川市,国分小学校放課後保育クラブ,ｺｸﾌﾞﾝｼｮｳｶﾞｯｺｳﾎｳｶｺﾞﾎｲｸｸﾗﾌﾞ,,放課後児童クラブ,122033,,千葉県市川市東国分2丁目4-1,千葉県,市川市,東国分2丁目,4-1,,35.74493378,139.9209007,,,,無,(047)383-9419,,,,,,,,,,,,,,,,,,,,,,,,,,,,http://www.city.ichikawa.lg.jp/edu11/1511000001.html,,,放課後等に保護者が家に居ない小学生に、家庭に代わる遊びと生活の場を提供する。
122033,,市川市,大柏小学校放課後保育クラブ,ｵｵｶﾞｼﾜｼｮｳｶﾞｯｺｳﾎｳｶｺﾞﾎｲｸｸﾗﾌﾞ,,放課後児童クラブ,122033,,千葉県市川市大野町2丁目18７７,千葉県,市川市,大野町2丁目,18７７,,35.75032239,139.9539237,,,,無,(047)383-9419,,,,,,,,,,,,,,,,,,,,,,,,,,,,http://www.city.ichikawa.lg.jp/edu11/1511000001.html,,,放課後等に保護者が家に居ない小学生に、家庭に代わる遊びと生活の場を提供する。
122033,,市川市,宮田小学校放課後保育クラブ,ﾐﾔﾀｼｮｳｶﾞｯｺｳﾎｳｶｺﾞﾎｲｸｸﾗﾌﾞ,,放課後児童クラブ,122033,,千葉県市川市新田4丁目8-15,千葉県,市川市,新田4丁目,8-15,,35.72688728,139.9094069,,,,無,(047)383-9419,,,,,,,,,,,,,,,,,,,,,,,,,,,,http://www.city.ichikawa.lg.jp/edu11/1511000001.html,,,放課後等に保護者が家に居ない小学生に、家庭に代わる遊びと生活の場を提供する。
122033,,市川市,冨貴島小学校放課後保育クラブ,ﾌｷｼﾞﾏｼｮｳｶﾞｯｺｳﾎｳｶｺﾞﾎｲｸｸﾗﾌﾞ,,放課後児童クラブ,122033,,千葉県市川市八幡6丁目10-11,千葉県,市川市,八幡6丁目,10-11,,35.72700131,139.937639,,,,無,(047)383-9419,,,,,,,,,,,,,,,,,,,,,,,,,,,,http://www.city.ichikawa.lg.jp/edu11/1511000001.html,,,放課後等に保護者が家に居ない小学生に、家庭に代わる遊びと生活の場を提供する。
122033,,市川市,若宮小学校放課後保育クラブ,ﾜｶﾐﾔｼｮｳｶﾞｯｺｳﾎｳｶｺﾞﾎｲｸｸﾗﾌﾞ,,放課後児童クラブ,122033,,千葉県市川市若宮3丁目54-10,千葉県,市川市,若宮3丁目,54-10,,35.72692475,139.9521861,,,,無,(047)383-9419,,,,,,,,,,,,,,,,,,,,,,,,,,,,http://www.city.ichikawa.lg.jp/edu11/1511000001.html,,,放課後等に保護者が家に居ない小学生に、家庭に代わる遊びと生活の場を提供する。
122033,,市川市,国府台小学校放課後保育クラブ,ｺｳﾉﾀﾞｲｼｮｳｶﾞｯｺｳﾎｳｶｺﾞﾎｲｸｸﾗﾌﾞ,,放課後児童クラブ,122033,,千葉県市川市国府台5丁目25-4,千葉県,市川市,国府台5丁目,25-4,,35.75346336,139.9029744,,,,無,(047)383-9419,,,,,,,,,,,,,,,,,,,,,,,,,,,,http://www.city.ichikawa.lg.jp/edu11/1511000001.html,,,放課後等に保護者が家に居ない小学生に、家庭に代わる遊びと生活の場を提供する。
122033,,市川市,平田小学校放課後保育クラブ,ﾋﾗﾀｼｮｳｶﾞｯｺｳﾎｳｶｺﾞﾎｲｸｸﾗﾌﾞ,,放課後児童クラブ,122033,,千葉県市川市平田3丁目28-1,千葉県,市川市,平田3丁目,28-1,,35.72431253,139.9181589,,,,無,(047)383-9419,,,,,,,,,,,,,,,,,,,,,,,,,,,,http://www.city.ichikawa.lg.jp/edu11/1511000001.html,,,放課後等に保護者が家に居ない小学生に、家庭に代わる遊びと生活の場を提供する。
122033,,市川市,鬼高小学校放課後保育クラブ,ｵﾆﾀｶｼｮｳｶﾞｯｺｳﾎｳｶｺﾞﾎｲｸｸﾗﾌﾞ,,放課後児童クラブ,122033,,千葉県市川市鬼高2丁目13-5,千葉県,市川市,鬼高2丁目,13-5,,35.71397675,139.9374452,,,,無,(047)383-9419,,,,,,,,,,,,,,,,,,,,,,,,,,,,http://www.city.ichikawa.lg.jp/edu11/1511000001.html,,,放課後等に保護者が家に居ない小学生に、家庭に代わる遊びと生活の場を提供する。
122033,,市川市,菅野小学校放課後保育クラブ,ｽｶﾞﾉｼｮｳｶﾞｯｺｳﾎｳｶｺﾞﾎｲｸｸﾗﾌﾞ,,放課後児童クラブ,122033,,千葉県市川市菅野6丁目14-1,千葉県,市川市,菅野6丁目,14-1,,35.73457083,139.9170864,,,,無,(047)383-9419,,,,,,,,,,,,,,,,,,,,,,,,,,,,http://www.city.ichikawa.lg.jp/edu11/1511000001.html,,,放課後等に保護者が家に居ない小学生に、家庭に代わる遊びと生活の場を提供する。
122033,,市川市,行徳小学校放課後保育クラブ,ｷﾞｮｳﾄｸｼｮｳｶﾞｯｺｳﾎｳｶｺﾞﾎｲｸｸﾗﾌﾞ,,放課後児童クラブ,122033,,千葉県市川市富浜1丁目1-40,千葉県,市川市,富浜1丁目,1-40,,35.69231928,139.9232961,,,,無,(047)383-9419,,,,,,,,,,,,,,,,,,,,,,,,,,,,http://www.city.ichikawa.lg.jp/edu11/1511000001.html,,,放課後等に保護者が家に居ない小学生に、家庭に代わる遊びと生活の場を提供する。
122033,,市川市,信篤小学校放課後保育クラブ,ｼﾝﾄｸｼｮｳｶﾞｯｺｳﾎｳｶｺﾞﾎｲｸｸﾗﾌﾞ,,放課後児童クラブ,122033,,千葉県市川市原木2丁目16-1,千葉県,市川市,原木2丁目,16-1,,35.69818803,139.9439221,,,,無,(047)383-9419,,,,,,,,,,,,,,,,,,,,,,,,,,,,http://www.city.ichikawa.lg.jp/edu11/1511000001.html,,,放課後等に保護者が家に居ない小学生に、家庭に代わる遊びと生活の場を提供する。
122033,,市川市,南行徳小学校放課後保育クラブ,ﾐﾅﾐｷﾞｮｳﾄｸｼｮｳｶﾞｯｺｳﾎｳｶｺﾞﾎｲｸｸﾗﾌﾞ,,放課後児童クラブ,122033,,千葉県市川市欠真間1丁目6-38,千葉県,市川市,欠真間1丁目,6-38,,35.68034533,139.9015519,,,,無,(047)383-9419,,,,,,,,,,,,,,,,,,,,,,,,,,,,http://www.city.ichikawa.lg.jp/edu11/1511000001.html,,,放課後等に保護者が家に居ない小学生に、家庭に代わる遊びと生活の場を提供する。
122033,,市川市,宮久保小学校放課後保育クラブ,ﾐﾔｸﾎﾞｼｮｳｶﾞｯｺｳﾎｳｶｺﾞﾎｲｸｸﾗﾌﾞ,,放課後児童クラブ,122033,,千葉県市川市宮久保5丁目７-1,千葉県,市川市,宮久保5丁目,７-1,,35.73664031,139.9439311,,,,無,(047)383-9419,,,,,,,,,,,,,,,,,,,,,,,,,,,,http://www.city.ichikawa.lg.jp/edu11/1511000001.html,,,放課後等に保護者が家に居ない小学生に、家庭に代わる遊びと生活の場を提供する。
122033,,市川市,二俣小学校放課後保育クラブ,ﾌﾀﾏﾀｼｮｳｶﾞｯｺｳﾎｳｶｺﾞﾎｲｸｸﾗﾌﾞ,,放課後児童クラブ,122033,,千葉県市川市二俣6７8,千葉県,市川市,二俣,6７8,,35.69691381,139.9566057,,,,無,(047)383-9419,,,,,,,,,,,,,,,,,,,,,,,,,,,,http://www.city.ichikawa.lg.jp/edu11/1511000001.html,,,放課後等に保護者が家に居ない小学生に、家庭に代わる遊びと生活の場を提供する。
122033,,市川市,中国分小学校放課後保育クラブ,ﾅｶｺｸﾌﾞﾝｼｮｳｶﾞｯｺｳﾎｳｶｺﾞﾎｲｸｸﾗﾌﾞ,,放課後児童クラブ,122033,,千葉県市川市中国分1丁目22-1,千葉県,市川市,中国分1丁目,22-1,,35.75350008,139.9161221,,,,無,(047)383-9419,,,,,,,,,,,,,,,,,,,,,,,,,,,,http://www.city.ichikawa.lg.jp/edu11/1511000001.html,,,放課後等に保護者が家に居ない小学生に、家庭に代わる遊びと生活の場を提供する。
122033,,市川市,大町小学校放課後保育クラブ,ｵｵﾏﾁｼｮｳｶﾞｯｺｳﾎｳｶｺﾞﾎｲｸｸﾗﾌﾞ,,放課後児童クラブ,122033,,千葉県市川市大町84-10,千葉県,市川市,大町,84-10,,35.77176258,139.9570198,,,,無,(047)383-9419,,,,,,,,,,,,,,,,,,,,,,,,,,,,http://www.city.ichikawa.lg.jp/edu11/1511000001.html,,,放課後等に保護者が家に居ない小学生に、家庭に代わる遊びと生活の場を提供する。
122033,,市川市,北方小学校放課後保育クラブ,ｷﾀｶﾀｼｮｳｶﾞｯｺｳﾎｳｶｺﾞﾎｲｸｸﾗﾌﾞ,,放課後児童クラブ,122033,,千葉県市川市北方町4丁目1356-1,千葉県,市川市,北方町4丁目,1356-1,,35.73241156,139.9453845,,,,無,(047)383-9419,,,,,,,,,,,,,,,,,,,,,,,,,,,,http://www.city.ichikawa.lg.jp/edu11/1511000001.html,,,放課後等に保護者が家に居ない小学生に、家庭に代わる遊びと生活の場を提供する。
122033,,市川市,新浜小学校放課後保育クラブ,ﾆｲﾊﾏｼｮｳｶﾞｯｺｳﾎｳｶｺﾞﾎｲｸｸﾗﾌﾞ,,放課後児童クラブ,122033,,千葉県市川市行徳駅前4丁目5-1,千葉県,市川市,行徳駅前4丁目,5-1,,35.67995753,139.916267,,,,無,(047)383-9419,,,,,,,,,,,,,,,,,,,,,,,,,,,,http://www.city.ichikawa.lg.jp/edu11/1511000001.html,,,放課後等に保護者が家に居ない小学生に、家庭に代わる遊びと生活の場を提供する。
122033,,市川市,百合台小学校放課後保育クラブ,ﾕﾘﾀﾞｲｼｮｳｶﾞｯｺｳﾎｳｶｺﾞﾎｲｸｸﾗﾌﾞ,,放課後児童クラブ,122033,,千葉県市川市曽谷6丁目10-1,千葉県,市川市,曽谷6丁目,10-1,,35.73982742,139.9270532,,,,無,(047)383-9419,,,,,,,,,,,,,,,,,,,,,,,,,,,,http://www.city.ichikawa.lg.jp/edu11/1511000001.html,,,放課後等に保護者が家に居ない小学生に、家庭に代わる遊びと生活の場を提供する。
122033,,市川市,富美浜小学校放課後保育クラブ,ﾌﾐﾊﾏｼｮｳｶﾞｯｺｳﾎｳｶｺﾞﾎｲｸｸﾗﾌﾞ,,放課後児童クラブ,122033,,千葉県市川市南行徳2丁目3-1,千葉県,市川市,南行徳2丁目,3-1,,35.67150064,139.9053996,,,,無,(047)383-9419,,,,,,,,,,,,,,,,,,,,,,,,,,,,http://www.city.ichikawa.lg.jp/edu11/1511000001.html,,,放課後等に保護者が家に居ない小学生に、家庭に代わる遊びと生活の場を提供する。
122033,,市川市,柏井小学校放課後保育クラブ,ｶｼﾜｲｼｮｳｶﾞｯｺｳﾎｳｶｺﾞﾎｲｸｸﾗﾌﾞ,,放課後児童クラブ,122033,,千葉県市川市柏井町1丁目1149-1,千葉県,市川市,柏井町1丁目,1149-1,,35.73955586,139.9665111,,,,無,(047)383-9419,,,,,,,,,,,,,,,,,,,,,,,,,,,,http://www.city.ichikawa.lg.jp/edu11/1511000001.html,,,放課後等に保護者が家に居ない小学生に、家庭に代わる遊びと生活の場を提供する。
122033,,市川市,大洲小学校放課後保育クラブ,ｵｵｽｼｮｳｶﾞｯｺｳﾎｳｶｺﾞﾎｲｸｸﾗﾌﾞ,,放課後児童クラブ,122033,,千葉県市川市大洲4丁目18-1,千葉県,市川市,大洲4丁目,18-1,,35.72342764,139.906817,,,,無,(047)383-9419,,,,,,,,,,,,,,,,,,,,,,,,,,,,http://www.city.ichikawa.lg.jp/edu11/1511000001.html,,,放課後等に保護者が家に居ない小学生に、家庭に代わる遊びと生活の場を提供する。
122033,,市川市,幸小学校放課後保育クラブ,ｻｲﾜｲｼｮｳｶﾞｯｺｳﾎｳｶｺﾞﾎｲｸｸﾗﾌﾞ,,放課後児童クラブ,122033,,千葉県市川市幸1丁目11-1,千葉県,市川市,幸1丁目,11-1,,35.68105631,139.9295475,,,,無,(047)383-9419,,,,,,,,,,,,,,,,,,,,,,,,,,,,http://www.city.ichikawa.lg.jp/edu11/1511000001.html,,,放課後等に保護者が家に居ない小学生に、家庭に代わる遊びと生活の場を提供する。
122033,,市川市,新井小学校放課後保育クラブ,ｱﾗｲｼｮｳｶﾞｯｺｳﾎｳｶｺﾞﾎｲｸｸﾗﾌﾞ,,放課後児童クラブ,122033,,千葉県市川市新井1丁目18-13,千葉県,市川市,新井1丁目,18-13,,35.67393328,139.8905439,,,,無,(047)383-9419,,,,,,,,,,,,,,,,,,,,,,,,,,,,http://www.city.ichikawa.lg.jp/edu11/1511000001.html,,,放課後等に保護者が家に居ない小学生に、家庭に代わる遊びと生活の場を提供する。
122033,,市川市,南新浜小学校放課後保育クラブ,ﾐﾅﾐﾆｲﾊﾏｼｮｳｶﾞｯｺｳﾎｳｶｺﾞﾎｲｸｸﾗﾌﾞ,,放課後児童クラブ,122033,,千葉県市川市新浜1丁目26-1,千葉県,市川市,新浜1丁目,26-1,,35.67456711,139.9165486,,,,無,(047)383-9419,,,,,,,,,,,,,,,,,,,,,,,,,,,,http://www.city.ichikawa.lg.jp/edu11/1511000001.html,,,放課後等に保護者が家に居ない小学生に、家庭に代わる遊びと生活の場を提供する。
122033,,市川市,大野小学校放課後保育クラブ,ｵｵﾉｼｮｳｶﾞｯｺｳﾎｳｶｺﾞﾎｲｸｸﾗﾌﾞ,,放課後児童クラブ,122033,,千葉県市川市南大野1丁目42-1,千葉県,市川市,南大野1丁目,42-1,,35.74241172,139.9505949,,,,無,(047)383-9419,,,,,,,,,,,,,,,,,,,,,,,,,,,,http://www.city.ichikawa.lg.jp/edu11/1511000001.html,,,放課後等に保護者が家に居ない小学生に、家庭に代わる遊びと生活の場を提供する。
122033,,市川市,塩焼小学校放課後保育クラブ,ｼｵﾔｷｼｮｳｶﾞｯｺｳﾎｳｶｺﾞﾎｲｸｸﾗﾌﾞ,,放課後児童クラブ,122033,,千葉県市川市塩焼5丁目9-8,千葉県,市川市,塩焼5丁目,9-8,,35.68391319,139.9301144,,,,無,(047)383-9419,,,,,,,,,,,,,,,,,,,,,,,,,,,,http://www.city.ichikawa.lg.jp/edu11/1511000001.html,,,放課後等に保護者が家に居ない小学生に、家庭に代わる遊びと生活の場を提供する。
122033,,市川市,稲越小学校放課後保育クラブ,ｲﾅｺﾞｼｼｮｳｶﾞｯｺｳﾎｳｶｺﾞﾎｲｸｸﾗﾌﾞ,,放課後児童クラブ,122033,,千葉県市川市稲越町518-2,千葉県,市川市,稲越町,518-2,,35.75423317,139.9244383,,,,無,(047)383-9419,,,,,,,,,,,,,,,,,,,,,,,,,,,,http://www.city.ichikawa.lg.jp/edu11/1511000001.html,,,放課後等に保護者が家に居ない小学生に、家庭に代わる遊びと生活の場を提供する。
122033,,市川市,大和田小学校放課後保育クラブ,ｵｵﾜﾀﾞｼｮｳｶﾞｯｺｳﾎｳｶｺﾞﾎｲｸｸﾗﾌﾞ,,放課後児童クラブ,122033,,千葉県市川市大和田1丁目2-6,千葉県,市川市,大和田1丁目,2-6,,35.71762239,139.9209813,,,,無,(047)383-9419,,,,,,,,,,,,,,,,,,,,,,,,,,,,http://www.city.ichikawa.lg.jp/edu11/1511000001.html,,,放課後等に保護者が家に居ない小学生に、家庭に代わる遊びと生活の場を提供する。
122033,,市川市,福栄小学校放課後保育クラブ,ﾌｸｴｲｼｮｳｶﾞｯｺｳﾎｳｶｺﾞﾎｲｸｸﾗﾌﾞ,,放課後児童クラブ,122033,,千葉県市川市南行徳2丁目2-1,千葉県,市川市,南行徳2丁目,2-1,,35.67187839,139.9067145,,,,無,(047)383-9419,,,,,,,,,,,,,,,,,,,,,,,,,,,,http://www.city.ichikawa.lg.jp/edu11/1511000001.html,,,放課後等に保護者が家に居ない小学生に、家庭に代わる遊びと生活の場を提供する。
122033,,市川市,妙典小学校放課後保育クラブ,ﾐｮｳﾃﾞﾝｼｮｳｶﾞｯｺｳﾎｳｶｺﾞﾎｲｸｸﾗﾌﾞ,,放課後児童クラブ,122033,,千葉県市川市妙典2丁目14-2・11-13,千葉県,市川市,妙典2丁目,14-2・11-13,,35.69601861,139.930118,,,,無,(047)383-9419,,,,,,,,,,,,,,,,,,,,,,,,,,,,http://www.city.ichikawa.lg.jp/edu11/1511000001.html,,,放課後等に保護者が家に居ない小学生に、家庭に代わる遊びと生活の場を提供する。
122033,,市川市,幸公民館放課後保育クラブ,ｻｲﾜｲｺｳﾐﾝｶﾝﾎｳｶｺﾞﾎｲｸｸﾗﾌﾞ,,放課後児童クラブ,122033,,千葉県市川市幸1丁目16-18,千葉県,市川市,幸1丁目,16-18,,35.68030056,139.9278232,,,,無,(047)383-9419,,,,,,,,,,,,,,,,,,,,,,,,,,,,http://www.city.ichikawa.lg.jp/edu11/1511000001.html,,,放課後等に保護者が家に居ない小学生に、家庭に代わる遊びと生活の場を提供する。
122033,,市川市,富美浜地域ふれあい館放課後保育クラブ,ﾌﾐﾊﾏﾁｲｷﾌﾚｱｲｶﾝﾎｳｶｺﾞﾎｲｸｸﾗﾌﾞ,,放課後児童クラブ,122033,,千葉県市川市欠真間2丁目31-5,千葉県,市川市,欠真間2丁目,31-5,,35.67535847,139.9054363,,,,無,(047)383-9419,,,,,,,,,,,,,,,,,,,,,,,,,,,,http://www.city.ichikawa.lg.jp/edu11/1511000001.html,,,放課後等に保護者が家に居ない小学生に、家庭に代わる遊びと生活の場を提供する。
122033,,市川市,行徳地域ふれあい館放課後保育クラブ,ｷﾞｮｳﾄｸﾁｲｷﾌﾚｱｲｶﾝﾎｳｶｺﾞﾎｲｸｸﾗﾌﾞ,,放課後児童クラブ,122033,,千葉県市川市富浜2丁目5-19,千葉県,市川市,富浜2丁目,5-19,,35.68901233,139.921845,,,,無,(047)383-9419,,,,,,,,,,,,,,,,,,,,,,,,,,,,http://www.city.ichikawa.lg.jp/edu11/1511000001.html,,,放課後等に保護者が家に居ない小学生に、家庭に代わる遊びと生活の場を提供する。
122033,,市川市,香取地域ふれあい館放課後保育クラブ,ｶﾝﾄﾞﾘﾁｲｷﾌﾚｱｲｶﾝﾎｳｶｺﾞﾎｲｸｸﾗﾌﾞ,,放課後児童クラブ,122033,,千葉県市川市香取2丁目19-1,千葉県,市川市,香取2丁目,19-1,,35.67912342,139.9099691,,,,無,(047)383-9419,,,,,,,,,,,,,,,,,,,,,,,,,,,,http://www.city.ichikawa.lg.jp/edu11/1511000001.html,,,放課後等に保護者が家に居ない小学生に、家庭に代わる遊びと生活の場を提供する。
122033,,市川市,南行徳公民館放課後保育クラブ,ﾐﾅﾐｷﾞｮｳﾄｸｺｳﾐﾝｶﾝﾎｳｶｺﾞﾎｲｸｸﾗﾌﾞ,,放課後児童クラブ,122033,,千葉県市川市相之川1丁目3-7,千葉県,市川市,相之川1丁目,3-7,,35.680141,139.899078,,,,無,(047)383-9419,,,,,,,,,,,,,,,,,,,,,,,,,,,,http://www.city.ichikawa.lg.jp/edu11/1511000001.html,,,放課後等に保護者が家に居ない小学生に、家庭に代わる遊びと生活の場を提供する。
122033,,市川市,八幡放課後保育クラブ,ﾔﾜﾀﾎｳｶｺﾞﾎｲｸｸﾗﾌﾞ,,放課後児童クラブ,122033,,千葉県市川市八幡3丁目4-1,千葉県,市川市,八幡3丁目,4-1,,35.7235,139.926,,,,無,(047)383-9419,,,,,,,,,,,,,,,,,,,,,,,,,,,,http://www.city.ichikawa.lg.jp/edu11/1511000001.html,,,放課後等に保護者が家に居ない小学生に、家庭に代わる遊びと生活の場を提供する。
122033,,市川市,本行徳公民館放課後保育クラブ,ﾎﾝｷﾞｮｳﾄｸｺｳﾐﾝｶﾝﾎｳｶｺﾞﾎｲｸｸﾗﾌﾞ,,放課後児童クラブ,122033,,千葉県市川市本行徳12-8,千葉県,市川市,本行徳,12-8,,35.69456,139.918307,,,,無,(047)383-9419,,,,,,,,,,,,,,,,,,,,,,,,,,,,http://www.city.ichikawa.lg.jp/edu11/1511000001.html,,,放課後等に保護者が家に居ない小学生に、家庭に代わる遊びと生活の場を提供する。
122033,,市川市,鶴指小学校放課後子ども教室,ﾂﾙｻｼｼｮｳｶﾞｯｺｳﾎｳｶｺﾞｺﾄﾞﾓｷｮｳｼﾂ,,その他,122033,,千葉県市川市大和田4丁目11-1,千葉県,市川市,大和田4丁目,11-1,,35.71813018,139.9157441,,,,無,(080)4598-2985,,,,,,,,,,,,,,,,,,,,,,,,,,,,,,,平日：放課後〜17:00　土曜・学校休業日等：8:00〜17:00 子どもたちへ安全安心な居場所を提供するとともに、工作や外遊び、体験活動等、様々な活動を実施する事業。事前登録必要、参加費無料。対象は小学生。
122033,,市川市,塩浜小学校放課後子ども教室,ｼｵﾊﾏｼｮｳｶﾞｯｺｳﾎｳｶｺﾞｺﾄﾞﾓｷｮｳｼﾂ,,その他,122033,,千葉県市川市塩浜4丁目5-1,千葉県,市川市,塩浜4丁目,5-1,,35.66483574,139.9145958,,,,無,(080)4598-2987,,,,,,,,,,,,,,,,,,,,,,,,,,,,,,,平日：放課後〜17:00　土曜・学校休業日等：8:00〜17:00 子どもたちへ安全安心な居場所を提供するとともに、工作や外遊び、体験活動等、様々な活動を実施する事業。事前登録必要、参加費無料。対象は小学生。
122033,,市川市,稲荷木小学校放課後子ども教室,ﾄｳｶｷﾞｼｮｳｶﾞｯｺｳﾎｳｶｺﾞｺﾄﾞﾓｷｮｳｼﾂ,,その他,122033,,千葉県市川市稲荷木1丁目14-1,千葉県,市川市,稲荷木1丁目,14-1,,35.71144442,139.9212873,,,,無,(080)4598-2993,,,,,,,,,,,,,,,,,,,,,,,,,,,,,,,平日：放課後〜17:00　土曜・学校休業日等：8:00〜17:00 子どもたちへ安全安心な居場所を提供するとともに、工作や外遊び、体験活動等、様々な活動を実施する事業。事前登録必要、参加費無料。対象は小学生。
122033,,市川市,曽谷小学校放課後子ども教室,ｿﾔｼｮｳｶﾞｯｺｳﾎｳｶｺﾞｺﾄﾞﾓｷｮｳｼﾂ,,その他,122033,,千葉県市川市曽谷７丁目18-1,千葉県,市川市,曽谷７丁目,18-1,,35.7469213,139.9266754,,,,無,(080)4598-2991,,,,,,,,,,,,,,,,,,,,,,,,,,,,,,,平日：放課後〜17:00　土曜・学校休業日等：8:00〜17:00 子どもたちへ安全安心な居場所を提供するとともに、工作や外遊び、体験活動等、様々な活動を実施する事業。事前登録必要、参加費無料。対象は小学生。
122033,,市川市,八幡小学校放課後子ども教室,ﾔﾜﾀｼｮｳｶﾞｯｺｳﾎｳｶｺﾞｺﾄﾞﾓｷｮｳｼﾂ,,その他,122033,,千葉県市川市八幡3丁目24-1,千葉県,市川市,八幡3丁目,24-1,,35.72567495,139.9280277,,,,無,(080)4598-2995,,,,,,,,,,,,,,,,,,,,,,,,,,,,,,,平日：放課後〜17:00　土曜・学校休業日等：8:00〜17:00 子どもたちへ安全安心な居場所を提供するとともに、工作や外遊び、体験活動等、様々な活動を実施する事業。事前登録必要、参加費無料。対象は小学生。
122033,,市川市,市川小学校放課後子ども教室,ｲﾁｶﾜｼｮｳｶﾞｯｺｳﾎｳｶｺﾞｺﾄﾞﾓｷｮｳｼﾂ,,その他,122033,,千葉県市川市市川2丁目32-5,千葉県,市川市,市川2丁目,32-5,,35.73215889,139.9052769,,,,無,(080)4598-2994,,,,,,,,,,,,,,,,,,,,,,,,,,,,,,,平日：放課後〜17:00　土曜・学校休業日等：8:00〜17:00 子どもたちへ安全安心な居場所を提供するとともに、工作や外遊び、体験活動等、様々な活動を実施する事業。事前登録必要、参加費無料。対象は小学生。
122033,,市川市,宮田小学校放課後子ども教室,ﾐﾔﾀｼｮｳｶﾞｯｺｳﾎｳｶｺﾞｺﾄﾞﾓｷｮｳｼﾂ,,その他,122033,,千葉県市川市新田4丁目8-15,千葉県,市川市,新田4丁目,8-15,,35.72684911,139.9094348,,,,無,(080)4598-2990,,,,,,,,,,,,,,,,,,,,,,,,,,,,,,,平日：放課後〜17:00　土曜・学校休業日等：8:00〜17:00 子どもたちへ安全安心な居場所を提供するとともに、工作や外遊び、体験活動等、様々な活動を実施する事業。事前登録必要、参加費無料。対象は小学生。
122033,,市川市,平田ふれあい館放課後子ども教室,ﾋﾗﾀﾁｲｷﾌﾚｱｲｶﾝﾎｳｶｺﾞｺﾄﾞﾓｷｮｳｼﾂ,,その他,122033,,千葉県市川市平田2丁目16-７,千葉県,市川市,平田2丁目,16-７,,35.72420643,139.9181442,,,,無,(080)4598-2989,,,,,,,,,,,,,,,,,,,,,,,,,,,,,,,平日：放課後〜17:00　土曜・学校休業日等：8:00〜17:00 子どもたちへ安全安心な居場所を提供するとともに、工作や外遊び、体験活動等、様々な活動を実施する事業。事前登録必要、参加費無料。対象は小学生。
122033,,市川市,富美浜小学校放課後子ども教室,ﾌﾐﾊﾏｼｮｳｶﾞｯｺｳﾎｳｶｺﾞｺﾄﾞﾓｷｮｳｼﾂ,,その他,122033,,千葉県市川市南行徳2丁目3-1,千葉県,市川市,南行徳2丁目,3-1,,35.6715528,139.9053754,,,,無,(080)4598-2996,,,,,,,,,,,,,,,,,,,,,,,,,,,,,,,平日：放課後〜17:00　土曜・学校休業日等：8:00〜17:00 子どもたちへ安全安心な居場所を提供するとともに、工作や外遊び、体験活動等、様々な活動を実施する事業。事前登録必要、参加費無料。対象は小学生。
122033,,市川市,国府台小学校放課後子ども教室,ｺｳﾉﾀﾞｲｼｮｳｶﾞｯｺｳﾎｳｶｺﾞｺﾄﾞﾓｷｮｳｼﾂ,,その他,122033,,千葉県市川市国府台5丁目25-4,千葉県,市川市,国府台5丁目,25-4,,35.75351914,139.9029729,,,,無,(070)5015-3352,,,,,,,,,,,,,,,,,,,,,,,,,,,,,,,平日：放課後〜17:00　土曜・学校休業日等：8:00〜17:00 子どもたちへ安全安心な居場所を提供するとともに、工作や外遊び、体験活動等、様々な活動を実施する事業。事前登録必要、参加費無料。対象は小学生。
122033,,市川市,中国分小学校放課後子ども教室,ﾅｶｺｸﾌﾞﾝｼｮｳｶﾞｯｺｳﾎｳｶｺﾞｺﾄﾞﾓｷｮｳｼﾂ,,その他,122033,,千葉県市川市中国分1丁目22-1,千葉県,市川市,中国分1丁目,22-1,,35.7537245,139.9158949,,,,無,(070)5015-3447,,,,,,,,,,,,,,,,,,,,,,,,,,,,,,,平日：放課後〜17:00　土曜・学校休業日等：8:00〜17:00 子どもたちへ安全安心な居場所を提供するとともに、工作や外遊び、体験活動等、様々な活動を実施する事業。事前登録必要、参加費無料。対象は小学生。
122033,,市川市,大町小学校放課後子ども教室,ｵｵﾏﾁｼｮｳｶﾞｯｺｳﾎｳｶｺﾞｺﾄﾞﾓｷｮｳｼﾂ,,その他,122033,,千葉県市川市大町84-10,千葉県,市川市,大町,84-10,,35.77180061,139.9570158,,,,無,(080)9449-0942,,,,,,,,,,,,,,,,,,,,,,,,,,,,,,,平日：放課後〜17:00　土曜・学校休業日等：8:00〜17:00 子どもたちへ安全安心な居場所を提供するとともに、工作や外遊び、体験活動等、様々な活動を実施する事業。事前登録必要、参加費無料。対象は小学生。
122033,,市川市,稲越小学校放課後子ども教室,ｲﾅｺﾞｼｼｮｳｶﾞｯｺｳﾎｳｶｺﾞｺﾄﾞﾓｷｮｳｼﾂ,,その他,122033,,千葉県市川市稲越3丁目21-8,千葉県,市川市,稲越3丁目,21-8,,35.75417015,139.9242126,,,,無,(070)1585-6531,,,,,,,,,,,,,,,,,,,,,,,,,,,,,,,平日：放課後〜17:00　土曜・学校休業日等：8:00〜17:00 子どもたちへ安全安心な居場所を提供するとともに、工作や外遊び、体験活動等、様々な活動を実施する事業。事前登録必要、参加費無料。対象は小学生。
122033,,市川市,柏井小学校放課後子ども教室,ｶｼﾜｲｼｮｳｶﾞｯｺｳﾎｳｶｺﾞｺﾄﾞﾓｷｮｳｼﾂ,,その他,122033,,千葉県市川市柏井町1丁目1149-1,千葉県,市川市,柏井町1丁目,1149-1,,35.73952627,139.966397,,,,無,(080)4720-8767,,,,,,,,,,,,,,,,,,,,,,,,,,,,,,,平日：放課後〜17:00　土曜・学校休業日等：8:00〜17:00 子どもたちへ安全安心な居場所を提供するとともに、工作や外遊び、体験活動等、様々な活動を実施する事業。事前登録必要、参加費無料。対象は小学生。
122033,,市川市,北方小学校放課後子ども教室,ｷﾀｶﾀｼｮｳｶﾞｯｺｳﾎｳｶｺﾞｺﾄﾞﾓｷｮｳｼﾂ,,その他,122033,,千葉県市川市北方町4丁目1356-1,千葉県,市川市,北方町4丁目,1356-1,,35.73244205,139.9454843,,,,無,(080)7321-5495,,,,,,,,,,,,,,,,,,,,,,,,,,,,,,,平日：放課後〜17:00　土曜・学校休業日等：8:00〜17:00 子どもたちへ安全安心な居場所を提供するとともに、工作や外遊び、体験活動等、様々な活動を実施する事業。事前登録必要、参加費無料。対象は小学生。
122033,,市川市,国分小学校放課後子ども教室,ｺｸﾌﾞﾝｼｮｳｶﾞｯｺｳﾎｳｶｺﾞｺﾄﾞﾓｷｮｳｼﾂ,,その他,122033,,千葉県市川市東国分2丁目4-1,千葉県,市川市,東国分2丁目,4-1,,35.74486922,139.9209309,,,,無,(080)9442-4165,,,,,,,,,,,,,,,,,,,,,,,,,,,,,,,平日：放課後〜17:00　土曜・学校休業日等：8:00〜17:00 子どもたちへ安全安心な居場所を提供するとともに、工作や外遊び、体験活動等、様々な活動を実施する事業。事前登録必要、参加費無料。対象は小学生。
122033,,市川市,百合台小学校放課後子ども教室,ﾕﾘﾀﾞｲｼｮｳｶﾞｯｺｳﾎｳｶｺﾞｺﾄﾞﾓｷｮｳｼﾂ,,その他,122033,,千葉県市川市曽谷6丁目10-1,千葉県,市川市,曽谷6丁目,10-1,,35.74038793,139.9256429,,,,無,(080)9444-7471,,,,,,,,,,,,,,,,,,,,,,,,,,,,,,,平日：放課後〜17:00　土曜・学校休業日等：8:00〜17:00 子どもたちへ安全安心な居場所を提供するとともに、工作や外遊び、体験活動等、様々な活動を実施する事業。事前登録必要、参加費無料。対象は小学生。
122033,,市川市,行徳小学校放課後子ども教室,ｷﾞｮｳﾄｸｼｮｳｶﾞｯｺｳﾎｳｶｺﾞｺﾄﾞﾓｷｮｳｼﾂ,,その他,122033,,千葉県市川市富浜1丁目1-40,千葉県,市川市,富浜1丁目,1-40,,35.6928173,139.9236598,,,,無,(070)4510-8012,,,,,,,,,,,,,,,,,,,,,,,,,,,,,,,平日：放課後〜17:00　土曜・学校休業日等：8:00〜17:00 子どもたちへ安全安心な居場所を提供するとともに、工作や外遊び、体験活動等、様々な活動を実施する事業。事前登録必要、参加費無料。対象は小学生。
122033,,市川市,新井小学校放課後子ども教室,ｱﾗｲｼｮｳｶﾞｯｺｳﾎｳｶｺﾞｺﾄﾞﾓｷｮｳｼﾂ,,その他,122033,,千葉県市川市新井1丁目18-13,千葉県,市川市,新井1丁目,18-13,,35.67396326,139.890519,,,,無,(070)4510-9281,,,,,,,,,,,,,,,,,,,,,,,,,,,,,,,平日：放課後〜17:00　土曜・学校休業日等：8:00〜17:00 子どもたちへ安全安心な居場所を提供するとともに、工作や外遊び、体験活動等、様々な活動を実施する事業。事前登録必要、参加費無料。対象は小学生。
122033,,市川市,南新浜小学校放課後子ども教室,ﾐﾅﾐｼﾝﾊﾏｼｮｳｶﾞｯｺｳﾎｳｶｺﾞｺﾄﾞﾓｷｮｳｼﾂ,,その他,122033,,千葉県市川市新浜1丁目26-1,千葉県,市川市,新浜1丁目,26-1,,35.67463864,139.9166732,,,,無,(070)4510-9280,,,,,,,,,,,,,,,,,,,,,,,,,,,,,,,平日：放課後〜17:00　土曜・学校休業日等：8:00〜17:00 子どもたちへ安全安心な居場所を提供するとともに、工作や外遊び、体験活動等、様々な活動を実施する事業。事前登録必要、参加費無料。対象は小学生。
122033,,市川市,大和田小学校放課後子ども教室,ｵｵﾜﾀﾞｼｮｳｶﾞｯｺｳﾎｳｶｺﾞｺﾄﾞﾓｷｮｳｼﾂ,,その他,122033,,千葉県市川市大和田1丁目1-3,千葉県,市川市,大和田1丁目,1-3,,35.71758874,139.9218881,,,,無,(070)7591-6796,,,,,,,,,,,,,,,,,,,,,,,,,,,,,,,平日：放課後〜17:00　土曜・学校休業日等：8:00〜17:00 子どもたちへ安全安心な居場所を提供するとともに、工作や外遊び、体験活動等、様々な活動を実施する事業。事前登録必要、参加費無料。対象は小学生。
122033,,市川市,信篤小学校放課後子ども教室,ｼﾝﾄｸｼｮｳｶﾞｯｺｳﾎｳｶｺﾞｺﾄﾞﾓｷｮｳｼﾂ,,その他,122033,,千葉県市川市原木2丁目16-1,千葉県,市川市,原木2丁目,16-1,,35.6982635,139.9439979,,,,無,(070)2186-8473,,,,,,,,,,,,,,,,,,,,,,,,,,,,,,,平日：放課後〜17:00　土曜・学校休業日等：8:00〜17:00 子どもたちへ安全安心な居場所を提供するとともに、工作や外遊び、体験活動等、様々な活動を実施する事業。事前登録必要、参加費無料。対象は小学生。
122033,,市川市,二俣小学校放課後子ども教室,ﾌﾀﾏﾀｼｮｳｶﾞｯｺｳﾎｳｶｺﾞｺﾄﾞﾓｷｮｳｼﾂ,,その他,122033,,千葉県市川市二俣678,千葉県,市川市,二俣,678,,35.69696348,139.9566153,,,,無,(070)2186-8474,,,,,,,,,,,,,,,,,,,,,,,,,,,,,,,平日：放課後〜17:00　土曜・学校休業日等：8:00〜17:00 子どもたちへ安全安心な居場所を提供するとともに、工作や外遊び、体験活動等、様々な活動を実施する事業。事前登録必要、参加費無料。対象は小学生。
122033,,市川市,大野小学校放課後子ども教室,ｵｵﾉｼｮｳｶﾞｯｺｳﾎｳｶｺﾞｺﾄﾞﾓｷｮｳｼﾂ,,その他,122033,,千葉県市川市市川市南大野1丁目42-１,千葉県,市川市,市川市南大野1丁目,42-１,,35.74229358,139.9503423,,,,無,(070)8801-1527,,,,,,,,,,,,,,,,,,,,,,,,,,,,,,,平日：放課後〜17:00　土曜・学校休業日等：8:00〜17:00 子どもたちへ安全安心な居場所を提供するとともに、工作や外遊び、体験活動等、様々な活動を実施する事業。事前登録必要、参加費無料。対象は小学生。
122033,,市川市,若宮小学校放課後子ども教室,ﾜｶﾐﾔｼｮｳｶﾞｯｺｳﾎｳｶｺﾞｺﾄﾞﾓｷｮｳｼﾂ,,その他,122033,,千葉県市川市市川市若宮3丁目54-10,千葉県,市川市,市川市若宮3丁目,54-10,,35.72691768,139.9516824,,,,無,(070)8801-1526,,,,,,,,,,,,,,,,,,,,,,,,,,,,,,,平日：放課後〜17:00　土曜・学校休業日等：8:00〜17:00 子どもたちへ安全安心な居場所を提供するとともに、工作や外遊び、体験活動等、様々な活動を実施する事業。事前登録必要、参加費無料。対象は小学生。
122033,,市川市,中山小学校放課後子ども教室,ﾅｶﾔﾏｼｮｳｶﾞｯｺｳﾎｳｶｺﾞｺﾄﾞﾓｷｮｳｼﾂ,,その他,122033,,千葉県市川市市川市中山1丁目1-5,千葉県,市川市,市川市中山1丁目,1-5,,35.72128304,139.9434013,,,,無,(070)8801-1528,,,,,,,,,,,,,,,,,,,,,,,,,,,,,,,平日：放課後〜17:00　土曜・学校休業日等：8:00〜17:00 子どもたちへ安全安心な居場所を提供するとともに、工作や外遊び、体験活動等、様々な活動を実施する事業。事前登録必要、参加費無料。対象は小学生。
122033,,市川市,妙典小学校放課後子ども教室,ﾐｮｳﾃﾞﾝｼｮｳｶﾞｯｺｳﾎｳｶｺﾞｺﾄﾞﾓｷｮｳｼﾂ,,その他,122033,,千葉県市川市市川市妙典2丁目14-2,千葉県,市川市,市川市妙典2丁目,14-2,,35.69632455,139.9293885,,,,無,(070)8801-1529,,,,,,,,,,,,,,,,,,,,,,,,,,,,,,,平日：放課後〜17:00　土曜・学校休業日等：8:00〜17:00 子どもたちへ安全安心な居場所を提供するとともに、工作や外遊び、体験活動等、様々な活動を実施する事業。事前登録必要、参加費無料。対象は小学生。
122033,,市川市,真間小学校放課後子ども教室,ﾏﾏｼｮｳｶﾞｯｺｳﾎｳｶｺﾞｺﾄﾞﾓｷｮｳｼﾂ,,その他,122033,,千葉県市川市市川市真間4丁目1-1,千葉県,市川市,市川市真間4丁目,1-1,,35.73787473,139.91005,,,,無,(070)8801-1530,,,,,,,,,,,,,,,,,,,,,,,,,,,,,,,平日：放課後〜17:00　土曜・学校休業日等：8:00〜17:00 子どもたちへ安全安心な居場所を提供するとともに、工作や外遊び、体験活動等、様々な活動を実施する事業。事前登録必要、参加費無料。対象は小学生。
122033,,市川市,菅野小学校放課後子ども教室,ｽｶﾞﾉｼｮｳｶﾞｯｺｳﾎｳｶｺﾞｺﾄﾞﾓｷｮｳｼﾂ,,その他,122033,,千葉県市川市市川市菅野6丁目14-1,千葉県,市川市,市川市菅野6丁目,14-1,,35.73415369,139.9163969,,,,無,(070)8801-1531,,,,,,,,,,,,,,,,,,,,,,,,,,,,,,,平日：放課後〜17:00　土曜・学校休業日等：8:00〜17:00 子どもたちへ安全安心な居場所を提供するとともに、工作や外遊び、体験活動等、様々な活動を実施する事業。事前登録必要、参加費無料。対象は小学生。
122033,,市川市,塩焼小学校放課後子ども教室,ｼｵﾔｷｼｮｳｶﾞｯｺｳﾎｳｶｺﾞｺﾄﾞﾓｷｮｳｼﾂ,,その他,122033,,千葉県市川市市川市塩焼5丁目9-8,千葉県,市川市,市川市塩焼5丁目,9-8,,35.68434995,139.9306016,,,,無,(080)4808-3766,,,,,,,,,,,,,,,,,,,,,,,,,,,,,,,平日：放課後〜17:00　土曜・学校休業日等：8:00〜17:00 子どもたちへ安全安心な居場所を提供するとともに、工作や外遊び、体験活動等、様々な活動を実施する事業。事前登録必要、参加費無料。対象は小学生。
122033,,市川市,幸小学校放課後子ども教室,ｻｲﾜｲｼｮｳｶﾞｯｺｳﾎｳｶｺﾞｺﾄﾞﾓｷｮｳｼﾂ,,その他,122033,,千葉県市川市市川市幸1丁目11-1,千葉県,市川市,市川市幸1丁目,11-1,,35.68102148,139.9298989,,,,無,(080)7965-4359,,,,,,,,,,,,,,,,,,,,,,,,,,,,,,,平日：放課後〜17:00　土曜・学校休業日等：8:00〜17:00 子どもたちへ安全安心な居場所を提供するとともに、工作や外遊び、体験活動等、様々な活動を実施する事業。事前登録必要、参加費無料。対象は小学生。
122033,,市川市,そよかぜキッズ,ｿﾖｶｾﾞｷｯｽﾞ,,その他,122033,,千葉県市川市稲荷木1丁目14-1,千葉県,市川市,稲荷木1丁目,14-1,,35.71185403,139.9208418,,,,有,(047)712-6555,,,,,,,,,,,,,,,,,,,,,,,,,,,,,,,月〜金10時〜14時 行動・情緒・知的発達に課題をもつ就学前・就学後の児童を対象とした通園施設です。
122033,,市川市,あおぞらキッズ,ｱｵｿﾞﾗｷｯｽﾞ,,その他,122033,,千葉県市川市大洲4丁目18-3,千葉県,市川市,大洲4丁目,18-3,,35.72249844,139.9065427,,,,有,(047)376-1113,,,,,,,,,,,,,,,,,,,,,,,,,,,,,,,月〜金10時〜14時30分 行動・情緒・知的発達に課題をもつ２歳児〜就学前の幼児を対象とした通園施設です。
122033,,市川市,おひさまキッズ,ｵﾋｻﾏｷｯｽﾞ,,その他,122033,,千葉県市川市大洲4丁目18-3,千葉県,市川市,大洲4丁目,18-3,,35.72261322,139.906301,,,,有,(047)376-1113　,,,,,,,,,,,,,,,,,,,,,,,,,,,,,,,月〜金10時〜14時30分 主に運動発達に課題をもつ２歳児〜就学前の幼児を対象とした通園施設です。
122033,,市川市,いちかわファミリー・サポート・センター妙典支部,ｲﾁｶﾜﾌｧﾐﾘｰ・ｻﾎﾟｰﾄ・ｾﾝﾀｰﾐｮｳﾃﾞﾝｼﾌﾞ,,その他,122033,,千葉県市川市妙典6丁目2-45,千葉県,市川市,妙典6丁目,2-45,,35.69555925,139.9307205,,,,,(047)701-2321,,,,,,,,,,,,,,,,,,,,,,,,,,,,https://www.city.ichikawa.lg.jp/chi01/1511000001.html,,,火〜土　9時〜17時　※詳細は、ファミリー・サポート・センターＨＰでご確認ください。
122033,,市川市,いちかわファミリー・サポート・センター大洲本部,ｲﾁｶﾜﾌｧﾐﾘｰ・ｻﾎﾟｰﾄ・ｾﾝﾀｰｵｵｽﾎﾝﾌﾞ,,その他,122033,,千葉県市川市大洲1丁目18-1,千葉県,市川市,大洲1丁目,18-1,,35.71797728,139.9108749,,,,,(047)377-5503,,,,,,,,,,,,,,,,,,,,,,,,,,,,https://www.city.ichikawa.lg.jp/chi01/1511000001.html,,,火〜土　9時〜17時　※詳細は、ファミリー・サポート・センターＨＰでご確認ください。
